fecha,hora,duracion_sesion,direccion_url_entrada,direccion_url_salida,referente,id_usuario_clarity,explorador,dispositivo,sistema_operativo,pais,recuento_paginas,clics_sesion,duracion_sesion_segundos,abandono_rapido,clicks_por_pagina,tiempo_por_pagina,interaccion_total,posible_frustracion,standarized_engagement_score,entrada_es_home,trafico_externo
03/25/2026,20:54,00:00:00,https://cloudlabslearning.com/azure-training,https://cloudlabslearning.com/azure-training,direct,usr-1000,Chrome,PC,MacOS,Mexico,5,2,336,0,0.4,67.2,7,0,0.043,0,0
03/25/2026,09:07,00:00:00,https://cloudlabslearning.com/blog,https://cloudlabslearning.com/request-demo,https://linkedin.com,usr-1001,Chrome,Mobile,MacOS,Peru,3,2,389,0,0.67,129.67,5,0,0.543,0,0
03/27/2026,20:44,00:00:00,https://cloudlabslearning.com/blog,https://cloudlabslearning.com/contacto,https://cloudlabslearning.com,usr-1002,Chrome,PC,Android,Mexico,6,11,360,0,1.83,60,17,0,1.594,0,0
03/24/2026,10:58,00:00:00,https://cloudlabslearning.com/contacto,https://cloudlabslearning.com/pricing,https://cloudlabslearning.com,usr-1003,Chrome,Mobile,Windows,Colombia,3,12,50,0,4,16.67,15,0,1.584,0,0
03/27/2026,19:28,00:00:00,https://cloudlabslearning.com/contacto,https://cloudlabslearning.com/pricing,https://google.com,usr-1004,Chrome,PC,iOS,Colombia,5,12,49,0,2.4,9.8,17,1,0.722,0,1
03/26/2026,20:38,00:00:00,https://cloudlabslearning.com/request-demo,https://cloudlabslearning.com/request-demo,https://cloudlabslearning.com,usr-1005,Edge,Mobile,iOS,Chile,8,2,435,0,0.25,54.38,10,0,0.907,0,0
03/27/2026,15:13,00:00:00,https://cloudlabslearning.com/request-demo,https://cloudlabslearning.com/request-demo,https://linkedin.com,usr-1006,Edge,Mobile,Android,Colombia,2,4,422,0,2,211,6,0,0.377,0,1
03/27/2026,12:16,00:00:00,https://cloudlabslearning.com/contacto,https://cloudlabslearning.com/contacto,https://cloudlabslearning.com,usr-1007,Chrome,Mobile,Windows,Chile,1,11,394,0,11,394,12,0,0.956,0,1
03/24/2026,13:40,00:00:00,https://cloudlabslearning.com/aws-training,https://cloudlabslearning.com/blog,https://cloudlabslearning.com,usr-1008,Edge,Mobile,Android,Mexico,8,1,22,0,0.13,2.75,9,0,1.338,0,0
03/27/2026,15:56,00:00:00,https://cloudlabslearning.com/pricing,https://cloudlabslearning.com/pricing,https://google.com,usr-1009,Chrome,Mobile,Windows,Peru,5,6,203,0,1.2,40.6,11,0,1.73,0,0
03/25/2026,14:38,00:00:00,https://cloudlabslearning.com/aws-training,https://cloudlabslearning.com/aws-training,direct,usr-1010,Edge,Mobile,Windows,Mexico,2,12,286,0,6,143,14,0,1.622,0,0
03/25/2026,08:10,00:00:00,https://cloudlabslearning.com/aws-training,https://cloudlabslearning.com/blog,https://google.com,usr-1011,Chrome,Mobile,MacOS,Peru,6,1,299,0,0.17,49.83,7,0,0.049,0,0
03/25/2026,15:10,00:00:00,https://cloudlabslearning.com/pricing,https://cloudlabslearning.com/pricing,https://cloudlabslearning.com,usr-1012,Edge,Mobile,Android,Chile,3,9,366,0,3,122,12,0,-0.1,0,1
03/25/2026,08:06,00:00:00,https://cloudlabslearning.com/,https://cloudlabslearning.com/azure-training,https://google.com,usr-1013,Edge,Mobile,Windows,Colombia,3,8,478,0,2.67,159.33,11,0,0.425,1,0
03/24/2026,14:27,00:00:00,https://cloudlabslearning.com/cursos,https://cloudlabslearning.com/cursos,direct,usr-1014,Chrome,Mobile,Android,Chile,4,3,470,0,0.75,117.5,7,0,1.184,0,0
03/24/2026,17:26,00:00:00,https://cloudlabslearning.com/contacto,https://cloudlabslearning.com/contacto,https://cloudlabslearning.com,usr-1015,Safari,Mobile,MacOS,Colombia,8,12,234,0,1.5,29.25,20,0,1.313,0,1
03/25/2026,14:51,00:00:00,https://cloudlabslearning.com/pricing,https://cloudlabslearning.com/pricing,https://linkedin.com,usr-1016,Chrome,PC,Android,Colombia,4,7,162,0,1.75,40.5,11,0,0.485,0,1
03/25/2026,08:25,00:00:00,https://cloudlabslearning.com/aws-training,https://cloudlabslearning.com/blog,direct,usr-1017,Chrome,Mobile,iOS,Colombia,4,8,505,0,2,126.25,12,0,1.724,0,0
03/25/2026,18:38,00:00:00,https://cloudlabslearning.com/contacto,https://cloudlabslearning.com/contacto,direct,usr-1018,Chrome,Mobile,MacOS,Chile,3,8,395,0,2.67,131.67,11,0,0.452,0,1
03/24/2026,15:50,00:00:00,https://cloudlabslearning.com/request-demo,https://cloudlabslearning.com/,https://linkedin.com,usr-1019,Edge,Mobile,Windows,Peru,4,5,294,0,1.25,73.5,9,0,1.28,0,1
03/25/2026,20:02,00:00:00,https://cloudlabslearning.com/,https://cloudlabslearning.com/request-demo,direct,usr-1020,Safari,Mobile,Android,Mexico,5,7,98,0,1.4,19.6,12,0,-0.008,1,0
03/24/2026,11:00,00:00:00,https://cloudlabslearning.com/,https://cloudlabslearning.com/aws-training,https://google.com,usr-1021,Chrome,Mobile,MacOS,Colombia,2,12,338,0,6,169,14,1,0.424,1,0
03/27/2026,15:55,00:00:00,https://cloudlabslearning.com/request-demo,https://cloudlabslearning.com/request-demo,direct,usr-1022,Chrome,Mobile,Windows,Chile,6,0,46,0,0,7.67,6,0,1.134,0,0
03/27/2026,20:45,00:00:00,https://cloudlabslearning.com/contacto,https://cloudlabslearning.com/contacto,direct,usr-1023,Edge,Mobile,iOS,Chile,3,3,462,0,1,154,6,0,1.734,0,1
03/25/2026,11:30,00:00:00,https://cloudlabslearning.com/blog,https://cloudlabslearning.com/azure-training,https://cloudlabslearning.com,usr-1024,Safari,PC,Windows,Peru,3,8,383,0,2.67,127.67,11,1,1.331,0,0
03/24/2026,14:46,00:00:00,https://cloudlabslearning.com/request-demo,https://cloudlabslearning.com/request-demo,https://linkedin.com,usr-1025,Safari,Mobile,MacOS,Chile,2,2,423,0,1,211.5,4,0,1.761,0,1
03/25/2026,18:11,00:00:00,https://cloudlabslearning.com/aws-training,https://cloudlabslearning.com/aws-training,https://google.com,usr-1026,Safari,PC,MacOS,Peru,7,1,184,0,0.14,26.29,8,0,0.703,0,0
03/24/2026,09:02,00:00:00,https://cloudlabslearning.com/request-demo,https://cloudlabslearning.com/blog,https://google.com,usr-1027,Chrome,Mobile,iOS,Mexico,1,5,276,0,5,276,6,0,0.479,0,0
03/26/2026,14:29,00:00:00,https://cloudlabslearning.com/blog,https://cloudlabslearning.com/contacto,https://linkedin.com,usr-1028,Edge,Mobile,MacOS,Chile,8,1,208,0,0.13,26,9,1,0.468,0,0
03/25/2026,09:22,00:00:00,https://cloudlabslearning.com/pricing,https://cloudlabslearning.com/pricing,https://linkedin.com,usr-1029,Edge,Mobile,MacOS,Colombia,8,6,197,0,0.75,24.63,14,0,0.672,0,0
03/26/2026,15:56,00:00:00,https://cloudlabslearning.com/request-demo,https://cloudlabslearning.com/request-demo,https://google.com,usr-1030,Safari,Mobile,Android,Colombia,7,0,36,0,0,5.14,7,0,-0.024,0,0
03/24/2026,19:01,00:00:00,https://cloudlabslearning.com/pricing,https://cloudlabslearning.com/contacto,https://cloudlabslearning.com,usr-1031,Safari,Mobile,MacOS,Colombia,4,9,101,0,2.25,25.25,13,0,0.449,0,1
03/24/2026,11:26,00:00:00,https://cloudlabslearning.com/cursos,https://cloudlabslearning.com/request-demo,direct,usr-1032,Chrome,Mobile,MacOS,Peru,2,3,141,0,1.5,70.5,5,1,0.243,0,0
03/26/2026,15:59,00:00:00,https://cloudlabslearning.com/blog,https://cloudlabslearning.com/blog,direct,usr-1033,Edge,PC,MacOS,Colombia,3,5,254,0,1.67,84.67,8,0,1.746,0,1
03/26/2026,17:00,00:00:00,https://cloudlabslearning.com/pricing,https://cloudlabslearning.com/pricing,https://cloudlabslearning.com,usr-1034,Chrome,PC,MacOS,Mexico,5,4,405,0,0.8,81,9,1,0.221,0,1
03/25/2026,19:44,00:00:00,https://cloudlabslearning.com/blog,https://cloudlabslearning.com/blog,https://linkedin.com,usr-1035,Edge,PC,iOS,Chile,2,10,357,0,5,178.5,12,0,1.509,0,0
03/26/2026,16:44,00:00:00,https://cloudlabslearning.com/azure-training,https://cloudlabslearning.com/pricing,https://linkedin.com,usr-1036,Edge,Mobile,MacOS,Chile,3,10,495,0,3.33,165,13,0,0.475,0,0
03/26/2026,14:54,00:00:00,https://cloudlabslearning.com/blog,https://cloudlabslearning.com/blog,https://linkedin.com,usr-1037,Safari,Mobile,Android,Chile,6,3,183,0,0.5,30.5,9,0,0.126,0,1
03/24/2026,15:33,00:00:00,https://cloudlabslearning.com/blog,https://cloudlabslearning.com/blog,https://google.com,usr-1038,Safari,Mobile,iOS,Colombia,3,11,156,0,3.67,52,14,0,0.263,0,1
03/27/2026,11:26,00:00:00,https://cloudlabslearning.com/pricing,https://cloudlabslearning.com/aws-training,https://google.com,usr-1039,Chrome,Mobile,Android,Peru,1,11,136,0,11,136,12,0,0.774,0,0
03/26/2026,17:50,00:00:00,https://cloudlabslearning.com/request-demo,https://cloudlabslearning.com/request-demo,https://cloudlabslearning.com,usr-1040,Edge,PC,Windows,Chile,5,0,16,0,0,3.2,5,0,0.659,0,0
03/27/2026,10:34,00:00:00,https://cloudlabslearning.com/cursos,https://cloudlabslearning.com/cursos,https://linkedin.com,usr-1041,Safari,Mobile,Windows,Peru,4,7,20,0,1.75,5,11,0,0.498,0,1
03/25/2026,11:15,00:00:00,https://cloudlabslearning.com/cursos,https://cloudlabslearning.com/cursos,https://google.com,usr-1042,Edge,PC,Windows,Peru,8,10,37,0,1.25,4.63,18,1,0.696,0,1
03/26/2026,12:14,00:00:00,https://cloudlabslearning.com/aws-training,https://cloudlabslearning.com/cursos,https://cloudlabslearning.com,usr-1043,Safari,PC,iOS,Chile,5,7,296,0,1.4,59.2,12,0,0.567,0,0
03/24/2026,12:42,00:00:00,https://cloudlabslearning.com/aws-training,https://cloudlabslearning.com/aws-training,https://google.com,usr-1044,Chrome,PC,MacOS,Peru,7,2,441,0,0.29,63,9,1,0.513,0,1
03/24/2026,19:34,00:00:00,https://cloudlabslearning.com/request-demo,https://cloudlabslearning.com/request-demo,https://cloudlabslearning.com,usr-1045,Edge,PC,MacOS,Peru,8,3,280,0,0.38,35,11,0,0.676,0,1
03/24/2026,19:21,00:00:00,https://cloudlabslearning.com/request-demo,https://cloudlabslearning.com/blog,https://cloudlabslearning.com,usr-1046,Safari,Mobile,iOS,Peru,1,2,291,0,2,291,3,0,0.728,0,0
03/25/2026,16:19,00:00:00,https://cloudlabslearning.com/azure-training,https://cloudlabslearning.com/request-demo,direct,usr-1047,Safari,PC,Android,Mexico,6,6,462,0,1,77,12,1,1.556,0,0
03/27/2026,18:27,00:00:00,https://cloudlabslearning.com/pricing,https://cloudlabslearning.com/pricing,https://cloudlabslearning.com,usr-1048,Edge,Mobile,Windows,Chile,8,11,258,0,1.38,32.25,19,1,1.014,0,0
03/26/2026,20:03,00:00:00,https://cloudlabslearning.com/pricing,https://cloudlabslearning.com/blog,https://cloudlabslearning.com,usr-1049,Safari,Mobile,Windows,Colombia,7,4,29,0,0.57,4.14,11,0,0.508,0,1
03/27/2026,19:21,00:00:00,https://cloudlabslearning.com/contacto,https://cloudlabslearning.com/contacto,https://cloudlabslearning.com,usr-1050,Edge,Mobile,Windows,Colombia,2,4,73,0,2,36.5,6,0,0.05,0,0
03/25/2026,20:35,00:00:00,https://cloudlabslearning.com/cursos,https://cloudlabslearning.com/cursos,direct,usr-1051,Chrome,PC,MacOS,Peru,5,2,144,0,0.4,28.8,7,0,0.718,0,0
03/24/2026,14:24,00:00:00,https://cloudlabslearning.com/request-demo,https://cloudlabslearning.com/request-demo,https://cloudlabslearning.com,usr-1052,Chrome,PC,Android,Chile,5,6,271,0,1.2,54.2,11,0,0.338,0,0
03/25/2026,11:39,00:00:00,https://cloudlabslearning.com/request-demo,https://cloudlabslearning.com/blog,https://cloudlabslearning.com,usr-1053,Safari,PC,Windows,Peru,5,5,321,0,1,64.2,10,0,1.358,0,1
03/27/2026,13:55,00:00:00,https://cloudlabslearning.com/,https://cloudlabslearning.com/cursos,https://google.com,usr-1054,Safari,PC,Windows,Peru,4,7,9,0,1.75,2.25,11,0,1.144,1,1
03/27/2026,19:53,00:00:00,https://cloudlabslearning.com/cursos,https://cloudlabslearning.com/pricing,direct,usr-1055,Edge,PC,Android,Mexico,4,3,13,0,0.75,3.25,7,0,1.169,0,1
03/27/2026,18:00,00:00:00,https://cloudlabslearning.com/blog,https://cloudlabslearning.com/blog,https://google.com,usr-1056,Chrome,Mobile,Windows,Colombia,8,11,457,0,1.38,57.13,19,0,0.178,0,1
03/27/2026,12:19,00:00:00,https://cloudlabslearning.com/blog,https://cloudlabslearning.com/blog,https://linkedin.com,usr-1057,Edge,PC,Android,Chile,4,11,303,0,2.75,75.75,15,0,1.677,0,1
03/24/2026,15:31,00:00:00,https://cloudlabslearning.com/azure-training,https://cloudlabslearning.com/blog,direct,usr-1058,Safari,PC,MacOS,Mexico,6,1,393,0,0.17,65.5,7,0,1.308,0,1
03/26/2026,20:53,00:00:00,https://cloudlabslearning.com/contacto,https://cloudlabslearning.com/pricing,https://linkedin.com,usr-1059,Safari,PC,iOS,Chile,5,2,142,0,0.4,28.4,7,0,0.094,0,1
03/24/2026,08:26,00:00:00,https://cloudlabslearning.com/request-demo,https://cloudlabslearning.com/,https://linkedin.com,usr-1060,Chrome,Mobile,Android,Colombia,7,10,204,0,1.43,29.14,17,0,0.886,0,1
03/25/2026,14:23,00:00:00,https://cloudlabslearning.com/request-demo,https://cloudlabslearning.com/request-demo,https://linkedin.com,usr-1061,Chrome,PC,Windows,Chile,2,10,331,0,5,165.5,12,1,1.641,0,1
03/27/2026,18:50,00:00:00,https://cloudlabslearning.com/contacto,https://cloudlabslearning.com/contacto,https://cloudlabslearning.com,usr-1062,Edge,Mobile,Android,Chile,6,6,199,0,1,33.17,12,0,-0.101,0,1
03/27/2026,18:56,00:00:00,https://cloudlabslearning.com/pricing,https://cloudlabslearning.com/pricing,https://linkedin.com,usr-1063,Edge,PC,Android,Colombia,8,1,423,0,0.13,52.88,9,0,1.333,0,1
03/25/2026,08:35,00:00:00,https://cloudlabslearning.com/contacto,https://cloudlabslearning.com/contacto,direct,usr-1064,Chrome,Mobile,iOS,Peru,3,6,273,0,2,91,9,0,0.855,0,1
03/24/2026,20:09,00:00:00,https://cloudlabslearning.com/request-demo,https://cloudlabslearning.com/aws-training,https://linkedin.com,usr-1065,Edge,Mobile,MacOS,Chile,2,4,168,0,2,84,6,0,1.792,0,1
03/27/2026,19:13,00:00:00,https://cloudlabslearning.com/azure-training,https://cloudlabslearning.com/azure-training,https://google.com,usr-1066,Edge,Mobile,MacOS,Colombia,5,0,352,0,0,70.4,5,0,0.155,0,0
03/27/2026,20:04,00:00:00,https://cloudlabslearning.com/pricing,https://cloudlabslearning.com/pricing,https://google.com,usr-1067,Edge,PC,Windows,Colombia,8,11,60,0,1.38,7.5,19,0,1.034,0,1
03/26/2026,19:32,00:00:00,https://cloudlabslearning.com/pricing,https://cloudlabslearning.com/blog,direct,usr-1068,Chrome,PC,Android,Chile,3,4,493,0,1.33,164.33,7,1,0.894,0,0
03/26/2026,14:06,00:00:00,https://cloudlabslearning.com/pricing,https://cloudlabslearning.com/pricing,https://google.com,usr-1069,Chrome,Mobile,MacOS,Peru,4,11,148,0,2.75,37,15,0,0.96,0,0
03/25/2026,09:53,00:00:00,https://cloudlabslearning.com/pricing,https://cloudlabslearning.com/pricing,https://google.com,usr-1070,Safari,PC,MacOS,Chile,5,11,141,0,2.2,28.2,16,0,0.241,0,0
03/27/2026,09:21,00:00:00,https://cloudlabslearning.com/aws-training,https://cloudlabslearning.com/aws-training,direct,usr-1071,Safari,Mobile,Android,Mexico,7,0,453,0,0,64.71,7,0,1.338,0,0
03/27/2026,08:25,00:00:00,https://cloudlabslearning.com/aws-training,https://cloudlabslearning.com/,https://google.com,usr-1072,Safari,PC,MacOS,Chile,3,10,333,0,3.33,111,13,0,0.334,0,0
03/24/2026,08:26,00:00:00,https://cloudlabslearning.com/cursos,https://cloudlabslearning.com/cursos,https://linkedin.com,usr-1073,Safari,PC,Windows,Chile,1,8,345,0,8,345,9,0,1.493,0,1
03/26/2026,15:52,00:00:00,https://cloudlabslearning.com/azure-training,https://cloudlabslearning.com/contacto,https://linkedin.com,usr-1074,Chrome,Mobile,iOS,Mexico,1,2,67,0,2,67,3,1,1.747,0,0
03/25/2026,15:49,00:00:00,https://cloudlabslearning.com/aws-training,https://cloudlabslearning.com/aws-training,https://linkedin.com,usr-1075,Safari,Mobile,iOS,Mexico,3,12,126,0,4,42,15,0,1.716,0,1
03/25/2026,08:03,00:00:00,https://cloudlabslearning.com/contacto,https://cloudlabslearning.com/blog,https://cloudlabslearning.com,usr-1076,Chrome,PC,iOS,Chile,7,11,56,0,1.57,8,18,0,0.228,0,0
03/27/2026,09:18,00:00:00,https://cloudlabslearning.com/cursos,https://cloudlabslearning.com/cursos,direct,usr-1077,Chrome,Mobile,iOS,Chile,2,1,19,0,0.5,9.5,3,0,0.28,0,0
03/27/2026,11:37,00:00:00,https://cloudlabslearning.com/cursos,https://cloudlabslearning.com/blog,https://cloudlabslearning.com,usr-1078,Chrome,PC,Windows,Peru,1,1,27,0,1,27,2,1,-0.152,0,0
03/25/2026,15:14,00:00:00,https://cloudlabslearning.com/azure-training,https://cloudlabslearning.com/blog,https://linkedin.com,usr-1079,Chrome,PC,Windows,Chile,5,11,440,0,2.2,88,16,0,1.016,0,0
03/25/2026,09:39,00:00:00,https://cloudlabslearning.com/aws-training,https://cloudlabslearning.com/aws-training,https://google.com,usr-1080,Chrome,Mobile,Android,Mexico,8,11,74,0,1.38,9.25,19,0,0.903,0,1
03/26/2026,19:06,00:00:00,https://cloudlabslearning.com/contacto,https://cloudlabslearning.com/contacto,direct,usr-1081,Safari,Mobile,MacOS,Chile,7,7,395,0,1,56.43,14,0,0.157,0,1
03/27/2026,12:53,00:00:00,https://cloudlabslearning.com/aws-training,https://cloudlabslearning.com/aws-training,https://google.com,usr-1082,Safari,PC,Windows,Chile,7,12,410,0,1.71,58.57,19,0,0.314,0,1
03/26/2026,10:56,00:00:00,https://cloudlabslearning.com/blog,https://cloudlabslearning.com/blog,https://google.com,usr-1083,Edge,Mobile,MacOS,Colombia,4,8,44,0,2,11,12,0,0.145,0,0
03/27/2026,15:13,00:00:00,https://cloudlabslearning.com/pricing,https://cloudlabslearning.com/pricing,direct,usr-1084,Chrome,PC,Android,Mexico,3,1,279,0,0.33,93,4,1,-0.184,0,0
03/24/2026,09:57,00:00:00,https://cloudlabslearning.com/,https://cloudlabslearning.com/,https://cloudlabslearning.com,usr-1085,Edge,Mobile,iOS,Colombia,2,2,490,0,1,245,4,0,0.828,1,0
03/27/2026,20:13,00:00:00,https://cloudlabslearning.com/azure-training,https://cloudlabslearning.com/contacto,https://cloudlabslearning.com,usr-1086,Edge,Mobile,MacOS,Mexico,2,0,91,0,0,45.5,2,0,0.908,0,1
03/27/2026,19:10,00:00:00,https://cloudlabslearning.com/azure-training,https://cloudlabslearning.com/azure-training,https://linkedin.com,usr-1087,Edge,PC,MacOS,Colombia,6,8,413,0,1.33,68.83,14,0,0.867,0,1
03/26/2026,17:27,00:00:00,https://cloudlabslearning.com/azure-training,https://cloudlabslearning.com/cursos,https://cloudlabslearning.com,usr-1088,Chrome,Mobile,MacOS,Chile,3,1,132,0,0.33,44,4,0,0.225,0,1
03/26/2026,13:02,00:00:00,https://cloudlabslearning.com/aws-training,https://cloudlabslearning.com/aws-training,direct,usr-1089,Chrome,PC,MacOS,Colombia,3,8,157,0,2.67,52.33,11,0,1.792,0,0
03/25/2026,18:58,00:00:00,https://cloudlabslearning.com/cursos,https://cloudlabslearning.com/contacto,direct,usr-1090,Safari,PC,MacOS,Peru,4,6,217,0,1.5,54.25,10,1,0.594,0,0
03/25/2026,17:47,00:00:00,https://cloudlabslearning.com/request-demo,https://cloudlabslearning.com/cursos,https://cloudlabslearning.com,usr-1091,Edge,PC,Android,Mexico,8,2,474,0,0.25,59.25,10,0,0.638,0,0
03/26/2026,09:49,00:00:00,https://cloudlabslearning.com/aws-training,https://cloudlabslearning.com/aws-training,https://cloudlabslearning.com,usr-1092,Safari,Mobile,Android,Colombia,7,4,140,0,0.57,20,11,0,1.672,0,1
03/24/2026,18:08,00:00:00,https://cloudlabslearning.com/azure-training,https://cloudlabslearning.com/pricing,https://linkedin.com,usr-1093,Safari,Mobile,iOS,Chile,3,10,221,0,3.33,73.67,13,0,0.045,0,1
03/27/2026,08:50,00:00:00,https://cloudlabslearning.com/cursos,https://cloudlabslearning.com/cursos,https://google.com,usr-1094,Chrome,PC,iOS,Mexico,1,1,230,0,1,230,2,0,1.074,0,0
03/25/2026,19:48,00:00:00,https://cloudlabslearning.com/azure-training,https://cloudlabslearning.com/contacto,direct,usr-1095,Safari,PC,MacOS,Colombia,5,1,45,0,0.2,9,6,0,0.917,0,0
03/26/2026,20:13,00:00:00,https://cloudlabslearning.com/azure-training,https://cloudlabslearning.com/azure-training,https://linkedin.com,usr-1096,Safari,Mobile,Android,Mexico,4,1,79,0,0.25,19.75,5,0,1.49,0,0
03/25/2026,09:06,00:00:00,https://cloudlabslearning.com/azure-training,https://cloudlabslearning.com/azure-training,https://google.com,usr-1097,Chrome,Mobile,iOS,Colombia,6,1,391,0,0.17,65.17,7,0,1.191,0,1
03/27/2026,16:36,00:00:00,https://cloudlabslearning.com/pricing,https://cloudlabslearning.com/pricing,https://google.com,usr-1098,Safari,Mobile,iOS,Peru,4,6,19,0,1.5,4.75,10,0,0.895,0,0
03/26/2026,17:23,00:00:00,https://cloudlabslearning.com/azure-training,https://cloudlabslearning.com/cursos,direct,usr-1099,Chrome,PC,iOS,Colombia,7,9,70,0,1.29,10,16,0,1.201,0,1
03/25/2026,08:13,00:00:00,https://cloudlabslearning.com/request-demo,https://cloudlabslearning.com/aws-training,https://google.com,usr-1100,Edge,PC,Windows,Chile,4,5,463,0,1.25,115.75,9,1,0.119,0,0
03/27/2026,20:34,00:00:00,https://cloudlabslearning.com/blog,https://cloudlabslearning.com/blog,direct,usr-1101,Safari,Mobile,MacOS,Mexico,8,4,416,0,0.5,52,12,1,0.694,0,1
03/26/2026,10:02,00:00:00,https://cloudlabslearning.com/contacto,https://cloudlabslearning.com/contacto,direct,usr-1102,Safari,Mobile,MacOS,Mexico,4,0,220,0,0,55,4,0,1.464,0,0
03/25/2026,15:48,00:00:00,https://cloudlabslearning.com/cursos,https://cloudlabslearning.com/cursos,https://google.com,usr-1103,Chrome,PC,Windows,Chile,5,2,382,0,0.4,76.4,7,0,0.912,0,0
03/25/2026,13:37,00:00:00,https://cloudlabslearning.com/,https://cloudlabslearning.com/pricing,direct,usr-1104,Chrome,PC,iOS,Colombia,8,9,328,0,1.13,41,17,0,0.541,1,1
03/27/2026,20:58,00:00:00,https://cloudlabslearning.com/contacto,https://cloudlabslearning.com/contacto,https://google.com,usr-1105,Safari,Mobile,MacOS,Chile,6,9,328,0,1.5,54.67,15,1,0.156,0,1
03/26/2026,20:48,00:00:00,https://cloudlabslearning.com/request-demo,https://cloudlabslearning.com/request-demo,https://google.com,usr-1106,Edge,PC,Android,Colombia,8,2,154,0,0.25,19.25,10,0,-0.075,0,0
03/27/2026,10:46,00:00:00,https://cloudlabslearning.com/blog,https://cloudlabslearning.com/request-demo,https://linkedin.com,usr-1107,Chrome,PC,iOS,Peru,1,3,355,0,3,355,4,0,-0.167,0,1
03/25/2026,16:34,00:00:00,https://cloudlabslearning.com/blog,https://cloudlabslearning.com/blog,direct,usr-1108,Edge,Mobile,Android,Peru,2,12,491,0,6,245.5,14,0,1.208,0,0
03/24/2026,08:42,00:00:00,https://cloudlabslearning.com/aws-training,https://cloudlabslearning.com/,direct,usr-1109,Edge,PC,Android,Mexico,7,9,30,0,1.29,4.29,16,0,1.388,0,0
03/24/2026,09:15,00:00:00,https://cloudlabslearning.com/,https://cloudlabslearning.com/,https://cloudlabslearning.com,usr-1110,Safari,PC,iOS,Colombia,3,4,283,0,1.33,94.33,7,0,1.413,1,0
03/24/2026,20:20,00:00:00,https://cloudlabslearning.com/contacto,https://cloudlabslearning.com/contacto,https://google.com,usr-1111,Safari,Mobile,Android,Colombia,6,7,366,0,1.17,61,13,0,0.893,0,1
03/26/2026,12:22,00:00:00,https://cloudlabslearning.com/aws-training,https://cloudlabslearning.com/azure-training,direct,usr-1112,Edge,Mobile,Android,Chile,3,7,117,0,2.33,39,10,0,1.626,0,0
03/26/2026,15:22,00:00:00,https://cloudlabslearning.com/blog,https://cloudlabslearning.com/cursos,direct,usr-1113,Chrome,PC,Windows,Mexico,3,10,10,0,3.33,3.33,13,0,1.007,0,1
03/25/2026,19:25,00:00:00,https://cloudlabslearning.com/,https://cloudlabslearning.com/,https://linkedin.com,usr-1114,Edge,PC,MacOS,Chile,7,7,214,0,1,30.57,14,0,1.156,1,0
03/26/2026,14:12,00:00:00,https://cloudlabslearning.com/blog,https://cloudlabslearning.com/blog,https://cloudlabslearning.com,usr-1115,Chrome,PC,iOS,Mexico,3,11,119,0,3.67,39.67,14,0,1.129,0,1
03/24/2026,16:55,00:00:00,https://cloudlabslearning.com/blog,https://cloudlabslearning.com/blog,https://cloudlabslearning.com,usr-1116,Edge,PC,MacOS,Peru,6,8,173,0,1.33,28.83,14,0,1.692,0,0
03/27/2026,09:39,00:00:00,https://cloudlabslearning.com/pricing,https://cloudlabslearning.com/aws-training,https://linkedin.com,usr-1117,Safari,Mobile,iOS,Colombia,5,12,56,0,2.4,11.2,17,1,-0.048,0,1
03/24/2026,20:10,00:00:00,https://cloudlabslearning.com/contacto,https://cloudlabslearning.com/,https://google.com,usr-1118,Edge,Mobile,Android,Colombia,2,8,412,0,4,206,10,1,0.135,0,0
03/26/2026,10:00,00:00:00,https://cloudlabslearning.com/,https://cloudlabslearning.com/cursos,https://linkedin.com,usr-1119,Edge,Mobile,Android,Peru,2,3,18,0,1.5,9,5,0,0.859,1,0
03/25/2026,13:28,00:00:00,https://cloudlabslearning.com/pricing,https://cloudlabslearning.com/pricing,https://google.com,usr-1120,Safari,Mobile,MacOS,Peru,5,6,429,0,1.2,85.8,11,0,1.448,0,1
03/27/2026,09:52,00:00:00,https://cloudlabslearning.com/contacto,https://cloudlabslearning.com/contacto,https://google.com,usr-1121,Safari,PC,iOS,Peru,4,6,202,0,1.5,50.5,10,0,1.25,0,0
03/27/2026,09:15,00:00:00,https://cloudlabslearning.com/azure-training,https://cloudlabslearning.com/azure-training,https://cloudlabslearning.com,usr-1122,Edge,Mobile,Android,Chile,2,8,395,0,4,197.5,10,0,0.495,0,0
03/26/2026,08:42,00:00:00,https://cloudlabslearning.com/blog,https://cloudlabslearning.com/cursos,https://google.com,usr-1123,Chrome,PC,iOS,Peru,4,2,511,0,0.5,127.75,6,0,1.544,0,0
03/27/2026,20:29,00:00:00,https://cloudlabslearning.com/blog,https://cloudlabslearning.com/,https://linkedin.com,usr-1124,Safari,PC,iOS,Peru,2,6,8,0,3,4,8,1,0.034,0,1
03/26/2026,12:32,00:00:00,https://cloudlabslearning.com/cursos,https://cloudlabslearning.com/cursos,direct,usr-1125,Edge,PC,Windows,Peru,3,7,79,0,2.33,26.33,10,0,0.216,0,1
03/26/2026,09:45,00:00:00,https://cloudlabslearning.com/aws-training,https://cloudlabslearning.com/aws-training,https://google.com,usr-1126,Edge,Mobile,MacOS,Colombia,2,1,411,0,0.5,205.5,3,0,0.641,0,0
03/27/2026,18:05,00:00:00,https://cloudlabslearning.com/aws-training,https://cloudlabslearning.com/aws-training,direct,usr-1127,Edge,Mobile,iOS,Colombia,4,5,495,0,1.25,123.75,9,0,0.325,0,0
03/25/2026,13:38,00:00:00,https://cloudlabslearning.com/,https://cloudlabslearning.com/contacto,https://google.com,usr-1128,Safari,Mobile,MacOS,Colombia,4,1,470,0,0.25,117.5,5,0,-0.077,1,0
03/25/2026,14:12,00:00:00,https://cloudlabslearning.com/aws-training,https://cloudlabslearning.com/contacto,https://linkedin.com,usr-1129,Safari,Mobile,Windows,Peru,7,11,155,0,1.57,22.14,18,0,1.798,0,0
03/26/2026,08:33,00:00:00,https://cloudlabslearning.com/pricing,https://cloudlabslearning.com/pricing,https://google.com,usr-1130,Edge,PC,Windows,Colombia,2,6,299,0,3,149.5,8,0,1.645,0,1
03/24/2026,12:44,00:00:00,https://cloudlabslearning.com/,https://cloudlabslearning.com/,https://linkedin.com,usr-1131,Chrome,PC,Windows,Mexico,1,9,256,0,9,256,10,0,1.483,1,0
03/24/2026,14:47,00:00:00,https://cloudlabslearning.com/pricing,https://cloudlabslearning.com/blog,https://cloudlabslearning.com,usr-1132,Edge,Mobile,Windows,Mexico,1,8,40,0,8,40,9,0,0.069,0,1
03/26/2026,12:10,00:00:00,https://cloudlabslearning.com/blog,https://cloudlabslearning.com/aws-training,https://linkedin.com,usr-1133,Edge,PC,MacOS,Colombia,6,1,386,0,0.17,64.33,7,0,0.973,0,0
03/25/2026,15:23,00:00:00,https://cloudlabslearning.com/,https://cloudlabslearning.com/cursos,https://google.com,usr-1134,Edge,PC,Windows,Mexico,5,4,193,0,0.8,38.6,9,0,1.635,1,0
03/25/2026,08:16,00:00:00,https://cloudlabslearning.com/cursos,https://cloudlabslearning.com/,https://linkedin.com,usr-1135,Edge,Mobile,Android,Mexico,4,12,419,0,3,104.75,16,0,0.304,0,1
03/24/2026,14:32,00:00:00,https://cloudlabslearning.com/azure-training,https://cloudlabslearning.com/blog,https://google.com,usr-1136,Safari,PC,MacOS,Colombia,7,5,346,0,0.71,49.43,12,1,0.476,0,0
03/27/2026,09:45,00:00:00,https://cloudlabslearning.com/pricing,https://cloudlabslearning.com/aws-training,https://cloudlabslearning.com,usr-1137,Chrome,Mobile,iOS,Colombia,1,6,520,0,6,520,7,0,1.701,0,1
03/24/2026,15:10,00:00:00,https://cloudlabslearning.com/contacto,https://cloudlabslearning.com/,https://google.com,usr-1138,Safari,PC,MacOS,Chile,5,9,68,0,1.8,13.6,14,1,1.654,0,0
03/26/2026,14:46,00:00:00,https://cloudlabslearning.com/,https://cloudlabslearning.com/,https://google.com,usr-1139,Chrome,PC,Android,Peru,6,11,458,0,1.83,76.33,17,0,1.676,1,0
03/26/2026,20:20,00:00:00,https://cloudlabslearning.com/cursos,https://cloudlabslearning.com/cursos,direct,usr-1140,Chrome,Mobile,Android,Colombia,7,8,174,0,1.14,24.86,15,0,0.835,0,1
03/25/2026,20:33,00:00:00,https://cloudlabslearning.com/aws-training,https://cloudlabslearning.com/aws-training,https://linkedin.com,usr-1141,Safari,PC,MacOS,Chile,7,10,156,0,1.43,22.29,17,1,1.33,0,1
03/27/2026,19:37,00:00:00,https://cloudlabslearning.com/,https://cloudlabslearning.com/blog,https://cloudlabslearning.com,usr-1142,Chrome,PC,iOS,Peru,7,4,438,0,0.57,62.57,11,0,-0.152,1,1
03/26/2026,11:32,00:00:00,https://cloudlabslearning.com/aws-training,https://cloudlabslearning.com/cursos,direct,usr-1143,Edge,Mobile,Windows,Mexico,7,0,402,0,0,57.43,7,0,1.394,0,1
03/26/2026,19:50,00:00:00,https://cloudlabslearning.com/,https://cloudlabslearning.com/request-demo,https://google.com,usr-1144,Safari,PC,iOS,Mexico,8,7,301,0,0.88,37.63,15,0,1.222,1,0
03/25/2026,18:14,00:00:00,https://cloudlabslearning.com/aws-training,https://cloudlabslearning.com/pricing,https://google.com,usr-1145,Edge,Mobile,MacOS,Peru,3,12,167,0,4,55.67,15,0,1.101,0,0
03/27/2026,10:08,00:00:00,https://cloudlabslearning.com/request-demo,https://cloudlabslearning.com/blog,https://cloudlabslearning.com,usr-1146,Edge,PC,Windows,Chile,6,0,362,0,0,60.33,6,0,0.462,0,1
03/27/2026,10:02,00:00:00,https://cloudlabslearning.com/pricing,https://cloudlabslearning.com/pricing,direct,usr-1147,Safari,Mobile,Android,Peru,1,3,392,0,3,392,4,0,-0.003,0,0
03/25/2026,09:44,00:00:00,https://cloudlabslearning.com/,https://cloudlabslearning.com/pricing,https://cloudlabslearning.com,usr-1148,Chrome,PC,Android,Colombia,1,4,241,0,4,241,5,1,1.141,1,1
03/26/2026,12:18,00:00:00,https://cloudlabslearning.com/azure-training,https://cloudlabslearning.com/azure-training,https://google.com,usr-1149,Safari,Mobile,Windows,Colombia,6,12,303,0,2,50.5,18,0,0.181,0,0
03/27/2026,11:47,00:00:00,https://cloudlabslearning.com/blog,https://cloudlabslearning.com/blog,direct,usr-1150,Safari,PC,MacOS,Colombia,7,12,19,0,1.71,2.71,19,0,0.782,0,0
03/25/2026,13:44,00:00:00,https://cloudlabslearning.com/pricing,https://cloudlabslearning.com/azure-training,https://cloudlabslearning.com,usr-1151,Safari,Mobile,iOS,Colombia,6,8,496,0,1.33,82.67,14,0,0.272,0,1
03/26/2026,08:44,00:00:00,https://cloudlabslearning.com/azure-training,https://cloudlabslearning.com/azure-training,direct,usr-1152,Edge,Mobile,MacOS,Peru,5,8,310,0,1.6,62,13,0,1.704,0,1
03/26/2026,12:12,00:00:00,https://cloudlabslearning.com/cursos,https://cloudlabslearning.com/aws-training,https://linkedin.com,usr-1153,Safari,Mobile,MacOS,Chile,5,12,482,0,2.4,96.4,17,0,0.033,0,1
03/24/2026,17:53,00:00:00,https://cloudlabslearning.com/blog,https://cloudlabslearning.com/blog,https://linkedin.com,usr-1154,Safari,PC,Android,Mexico,4,7,231,0,1.75,57.75,11,0,0.182,0,1
03/26/2026,16:29,00:00:00,https://cloudlabslearning.com/request-demo,https://cloudlabslearning.com/cursos,https://cloudlabslearning.com,usr-1155,Chrome,PC,Windows,Mexico,5,7,171,0,1.4,34.2,12,0,1.473,0,0
03/26/2026,12:50,00:00:00,https://cloudlabslearning.com/,https://cloudlabslearning.com/,https://linkedin.com,usr-1156,Chrome,PC,Android,Colombia,2,1,297,0,0.5,148.5,3,1,1.368,1,0
03/24/2026,18:15,00:00:00,https://cloudlabslearning.com/request-demo,https://cloudlabslearning.com/request-demo,https://linkedin.com,usr-1157,Edge,PC,Android,Mexico,3,1,94,0,0.33,31.33,4,0,0.035,0,1
03/26/2026,14:04,00:00:00,https://cloudlabslearning.com/,https://cloudlabslearning.com/cursos,https://google.com,usr-1158,Chrome,PC,MacOS,Mexico,8,4,507,0,0.5,63.38,12,0,1.421,1,1
03/26/2026,13:06,00:00:00,https://cloudlabslearning.com/contacto,https://cloudlabslearning.com/request-demo,https://google.com,usr-1159,Chrome,PC,MacOS,Colombia,4,2,196,0,0.5,49,6,0,0.738,0,1
03/24/2026,14:18,00:00:00,https://cloudlabslearning.com/cursos,https://cloudlabslearning.com/cursos,https://linkedin.com,usr-1160,Chrome,Mobile,Android,Colombia,4,2,513,0,0.5,128.25,6,0,0.017,0,1
03/24/2026,09:13,00:00:00,https://cloudlabslearning.com/cursos,https://cloudlabslearning.com/aws-training,direct,usr-1161,Safari,PC,Android,Mexico,3,1,68,0,0.33,22.67,4,0,-0.161,0,0
03/26/2026,12:00,00:00:00,https://cloudlabslearning.com/azure-training,https://cloudlabslearning.com/azure-training,https://linkedin.com,usr-1162,Chrome,Mobile,MacOS,Mexico,5,8,329,0,1.6,65.8,13,1,0.724,0,1
03/25/2026,10:32,00:00:00,https://cloudlabslearning.com/azure-training,https://cloudlabslearning.com/contacto,https://cloudlabslearning.com,usr-1163,Edge,PC,Windows,Colombia,7,7,283,0,1,40.43,14,0,-0.039,0,1
03/24/2026,14:42,00:00:00,https://cloudlabslearning.com/pricing,https://cloudlabslearning.com/blog,https://google.com,usr-1164,Edge,Mobile,iOS,Peru,4,12,387,0,3,96.75,16,0,1.705,0,0
03/26/2026,12:13,00:00:00,https://cloudlabslearning.com/,https://cloudlabslearning.com/request-demo,direct,usr-1165,Chrome,Mobile,iOS,Chile,3,12,221,0,4,73.67,15,0,0.378,1,1
03/25/2026,09:10,00:00:00,https://cloudlabslearning.com/pricing,https://cloudlabslearning.com/request-demo,https://linkedin.com,usr-1166,Edge,PC,MacOS,Peru,1,6,420,0,6,420,7,0,0.493,0,0
03/25/2026,12:07,00:00:00,https://cloudlabslearning.com/cursos,https://cloudlabslearning.com/cursos,https://cloudlabslearning.com,usr-1167,Safari,Mobile,Android,Chile,3,0,201,0,0,67,3,0,-0.073,0,0
03/24/2026,09:11,00:00:00,https://cloudlabslearning.com/aws-training,https://cloudlabslearning.com/azure-training,https://linkedin.com,usr-1168,Safari,Mobile,Android,Peru,4,6,215,0,1.5,53.75,10,1,0.616,0,1
03/25/2026,17:42,00:00:00,https://cloudlabslearning.com/request-demo,https://cloudlabslearning.com/request-demo,direct,usr-1169,Edge,Mobile,Android,Peru,7,6,102,0,0.86,14.57,13,0,1.1,0,1
03/26/2026,20:03,00:00:00,https://cloudlabslearning.com/request-demo,https://cloudlabslearning.com/request-demo,https://cloudlabslearning.com,usr-1170,Safari,PC,iOS,Colombia,1,1,33,0,1,33,2,1,0.922,0,1
03/25/2026,10:20,00:00:00,https://cloudlabslearning.com/contacto,https://cloudlabslearning.com/cursos,direct,usr-1171,Safari,Mobile,MacOS,Mexico,3,12,147,0,4,49,15,0,0.293,0,0
03/25/2026,18:10,00:00:00,https://cloudlabslearning.com/,https://cloudlabslearning.com/,https://linkedin.com,usr-1172,Safari,Mobile,Windows,Peru,3,8,397,0,2.67,132.33,11,0,1.519,1,0
03/26/2026,11:16,00:00:00,https://cloudlabslearning.com/pricing,https://cloudlabslearning.com/pricing,direct,usr-1173,Edge,PC,iOS,Mexico,8,8,115,0,1,14.38,16,0,1.088,0,0
03/24/2026,20:56,00:00:00,https://cloudlabslearning.com/,https://cloudlabslearning.com/blog,https://cloudlabslearning.com,usr-1174,Edge,Mobile,Windows,Peru,5,6,380,0,1.2,76,11,1,0.617,1,0
03/25/2026,14:58,00:00:00,https://cloudlabslearning.com/cursos,https://cloudlabslearning.com/cursos,https://cloudlabslearning.com,usr-1175,Safari,PC,Android,Chile,5,3,173,0,0.6,34.6,8,0,1.647,0,0
03/26/2026,20:16,00:00:00,https://cloudlabslearning.com/request-demo,https://cloudlabslearning.com/request-demo,https://cloudlabslearning.com,usr-1176,Edge,PC,MacOS,Mexico,3,8,217,0,2.67,72.33,11,0,0.307,0,0
03/26/2026,20:52,00:00:00,https://cloudlabslearning.com/aws-training,https://cloudlabslearning.com/aws-training,https://linkedin.com,usr-1177,Chrome,PC,iOS,Peru,3,6,316,0,2,105.33,9,0,0.223,0,1
03/24/2026,11:57,00:00:00,https://cloudlabslearning.com/contacto,https://cloudlabslearning.com/contacto,direct,usr-1178,Safari,PC,Android,Colombia,4,3,150,0,0.75,37.5,7,1,0.452,0,0
03/25/2026,08:45,00:00:00,https://cloudlabslearning.com/azure-training,https://cloudlabslearning.com/,https://linkedin.com,usr-1179,Safari,Mobile,Windows,Peru,3,9,67,0,3,22.33,12,0,1.009,0,0
03/26/2026,14:28,00:00:00,https://cloudlabslearning.com/contacto,https://cloudlabslearning.com/request-demo,direct,usr-1180,Edge,Mobile,Android,Colombia,7,6,260,0,0.86,37.14,13,0,0.372,0,1
03/27/2026,08:43,00:00:00,https://cloudlabslearning.com/aws-training,https://cloudlabslearning.com/azure-training,https://google.com,usr-1181,Edge,Mobile,Windows,Mexico,8,1,266,0,0.13,33.25,9,0,0.504,0,1
03/27/2026,12:46,00:00:00,https://cloudlabslearning.com/request-demo,https://cloudlabslearning.com/request-demo,https://linkedin.com,usr-1182,Chrome,PC,Android,Peru,2,8,75,0,4,37.5,10,0,-0.072,0,0
03/24/2026,15:58,00:00:00,https://cloudlabslearning.com/pricing,https://cloudlabslearning.com/pricing,https://cloudlabslearning.com,usr-1183,Safari,PC,Android,Colombia,6,10,506,0,1.67,84.33,16,1,1.287,0,0
03/25/2026,13:09,00:00:00,https://cloudlabslearning.com/cursos,https://cloudlabslearning.com/cursos,https://cloudlabslearning.com,usr-1184,Chrome,PC,Android,Colombia,2,0,113,0,0,56.5,2,0,1.332,0,0
03/24/2026,18:13,00:00:00,https://cloudlabslearning.com/pricing,https://cloudlabslearning.com/pricing,https://google.com,usr-1185,Edge,Mobile,MacOS,Chile,6,12,357,0,2,59.5,18,0,1.609,0,0
03/24/2026,12:03,00:00:00,https://cloudlabslearning.com/blog,https://cloudlabslearning.com/blog,https://cloudlabslearning.com,usr-1186,Edge,PC,Android,Chile,2,10,135,0,5,67.5,12,0,0.006,0,1
03/25/2026,10:50,00:00:00,https://cloudlabslearning.com/contacto,https://cloudlabslearning.com/contacto,https://linkedin.com,usr-1187,Edge,PC,Windows,Colombia,4,8,288,0,2,72,12,0,1.339,0,1
03/27/2026,12:54,00:00:00,https://cloudlabslearning.com/contacto,https://cloudlabslearning.com/contacto,https://google.com,usr-1188,Chrome,Mobile,Windows,Peru,2,1,480,0,0.5,240,3,0,0.369,0,0
03/27/2026,13:46,00:00:00,https://cloudlabslearning.com/azure-training,https://cloudlabslearning.com/azure-training,direct,usr-1189,Safari,Mobile,Windows,Peru,6,11,36,0,1.83,6,17,0,-0.065,0,0
03/24/2026,17:25,00:00:00,https://cloudlabslearning.com/blog,https://cloudlabslearning.com/request-demo,direct,usr-1190,Edge,Mobile,iOS,Mexico,7,5,352,0,0.71,50.29,12,0,0.119,0,0
03/27/2026,15:10,00:00:00,https://cloudlabslearning.com/request-demo,https://cloudlabslearning.com/request-demo,https://cloudlabslearning.com,usr-1191,Safari,PC,MacOS,Peru,8,1,225,0,0.13,28.13,9,0,0.602,0,0
03/26/2026,11:56,00:00:00,https://cloudlabslearning.com/request-demo,https://cloudlabslearning.com/request-demo,direct,usr-1192,Edge,Mobile,MacOS,Peru,4,2,329,0,0.5,82.25,6,0,1.13,0,1
03/26/2026,18:03,00:00:00,https://cloudlabslearning.com/contacto,https://cloudlabslearning.com/,direct,usr-1193,Edge,Mobile,Android,Mexico,1,3,161,0,3,161,4,1,0.691,0,1
03/26/2026,19:26,00:00:00,https://cloudlabslearning.com/,https://cloudlabslearning.com/blog,https://linkedin.com,usr-1194,Edge,Mobile,Windows,Peru,6,4,213,0,0.67,35.5,10,0,0.87,1,0
03/24/2026,20:27,00:00:00,https://cloudlabslearning.com/,https://cloudlabslearning.com/aws-training,https://google.com,usr-1195,Edge,Mobile,Windows,Chile,2,8,470,0,4,235,10,0,0.807,1,0
03/26/2026,14:44,00:00:00,https://cloudlabslearning.com/blog,https://cloudlabslearning.com/blog,https://cloudlabslearning.com,usr-1196,Chrome,Mobile,MacOS,Mexico,6,7,59,0,1.17,9.83,13,0,0.983,0,0
03/26/2026,15:12,00:00:00,https://cloudlabslearning.com/aws-training,https://cloudlabslearning.com/azure-training,https://google.com,usr-1197,Chrome,Mobile,MacOS,Peru,8,1,376,0,0.13,47,9,0,0.683,0,0
03/27/2026,11:00,00:00:00,https://cloudlabslearning.com/contacto,https://cloudlabslearning.com/aws-training,https://linkedin.com,usr-1198,Chrome,PC,Android,Chile,5,1,115,0,0.2,23,6,0,0.098,0,0
03/27/2026,13:21,00:00:00,https://cloudlabslearning.com/cursos,https://cloudlabslearning.com/cursos,https://cloudlabslearning.com,usr-1199,Safari,Mobile,Windows,Chile,5,0,399,0,0,79.8,5,0,0.512,0,1
03/25/2026,14:43,00:00:00,https://cloudlabslearning.com/aws-training,https://cloudlabslearning.com/aws-training,direct,usr-1200,Edge,Mobile,MacOS,Chile,2,2,424,0,1,212,4,0,0.37,0,1
03/24/2026,19:58,00:00:00,https://cloudlabslearning.com/azure-training,https://cloudlabslearning.com/azure-training,https://linkedin.com,usr-1201,Safari,Mobile,Android,Colombia,2,2,132,0,1,66,4,0,0.75,0,1
03/24/2026,16:05,00:00:00,https://cloudlabslearning.com/blog,https://cloudlabslearning.com/,https://cloudlabslearning.com,usr-1202,Safari,Mobile,iOS,Chile,7,7,414,0,1,59.14,14,0,0.604,0,1
03/26/2026,09:15,00:00:00,https://cloudlabslearning.com/pricing,https://cloudlabslearning.com/aws-training,direct,usr-1203,Chrome,Mobile,Windows,Colombia,5,4,286,0,0.8,57.2,9,0,0.69,0,0
03/26/2026,12:50,00:00:00,https://cloudlabslearning.com/pricing,https://cloudlabslearning.com/cursos,https://cloudlabslearning.com,usr-1204,Chrome,PC,MacOS,Peru,6,9,411,0,1.5,68.5,15,0,1.768,0,1
03/27/2026,11:38,00:00:00,https://cloudlabslearning.com/aws-training,https://cloudlabslearning.com/blog,direct,usr-1205,Edge,PC,iOS,Mexico,6,7,377,0,1.17,62.83,13,1,0.431,0,1
03/25/2026,12:43,00:00:00,https://cloudlabslearning.com/contacto,https://cloudlabslearning.com/contacto,https://cloudlabslearning.com,usr-1206,Edge,Mobile,MacOS,Peru,5,5,74,0,1,14.8,10,0,1.315,0,1
03/27/2026,13:01,00:00:00,https://cloudlabslearning.com/request-demo,https://cloudlabslearning.com/request-demo,https://cloudlabslearning.com,usr-1207,Edge,Mobile,MacOS,Mexico,3,5,194,0,1.67,64.67,8,1,1.126,0,0
03/26/2026,12:35,00:00:00,https://cloudlabslearning.com/aws-training,https://cloudlabslearning.com/aws-training,https://linkedin.com,usr-1208,Edge,Mobile,Android,Colombia,5,3,504,0,0.6,100.8,8,0,0.01,0,0
03/26/2026,11:26,00:00:00,https://cloudlabslearning.com/blog,https://cloudlabslearning.com/blog,https://google.com,usr-1209,Chrome,Mobile,iOS,Peru,5,0,504,0,0,100.8,5,0,0.965,0,0
03/27/2026,18:57,00:00:00,https://cloudlabslearning.com/pricing,https://cloudlabslearning.com/pricing,https://google.com,usr-1210,Edge,Mobile,MacOS,Colombia,2,3,219,0,1.5,109.5,5,0,0.584,0,1
03/24/2026,15:42,00:00:00,https://cloudlabslearning.com/cursos,https://cloudlabslearning.com/cursos,direct,usr-1211,Edge,Mobile,Android,Chile,5,5,260,0,1,52,10,0,0.37,0,1
03/26/2026,20:09,00:00:00,https://cloudlabslearning.com/,https://cloudlabslearning.com/,direct,usr-1212,Safari,PC,Android,Chile,3,0,101,0,0,33.67,3,0,1.722,1,1
03/27/2026,10:17,00:00:00,https://cloudlabslearning.com/,https://cloudlabslearning.com/,https://cloudlabslearning.com,usr-1213,Safari,Mobile,Android,Peru,2,2,435,0,1,217.5,4,0,1.3,1,0
03/27/2026,13:16,00:00:00,https://cloudlabslearning.com/pricing,https://cloudlabslearning.com/pricing,https://google.com,usr-1214,Edge,Mobile,iOS,Mexico,8,4,330,0,0.5,41.25,12,1,1.62,0,0
03/24/2026,08:18,00:00:00,https://cloudlabslearning.com/cursos,https://cloudlabslearning.com/cursos,https://linkedin.com,usr-1215,Chrome,PC,Android,Mexico,4,6,122,0,1.5,30.5,10,0,1.773,0,1
03/26/2026,17:42,00:00:00,https://cloudlabslearning.com/azure-training,https://cloudlabslearning.com/cursos,direct,usr-1216,Safari,PC,Windows,Colombia,5,10,96,0,2,19.2,15,0,1.387,0,1
03/26/2026,10:21,00:00:00,https://cloudlabslearning.com/contacto,https://cloudlabslearning.com/contacto,https://cloudlabslearning.com,usr-1217,Safari,PC,iOS,Mexico,1,4,388,0,4,388,5,0,0.155,0,1
03/24/2026,09:04,00:00:00,https://cloudlabslearning.com/contacto,https://cloudlabslearning.com/request-demo,direct,usr-1218,Chrome,PC,Android,Peru,7,6,105,0,0.86,15,13,0,1.714,0,1
03/26/2026,14:32,00:00:00,https://cloudlabslearning.com/aws-training,https://cloudlabslearning.com/aws-training,https://linkedin.com,usr-1219,Safari,PC,MacOS,Colombia,4,5,318,0,1.25,79.5,9,0,1.693,0,1
03/25/2026,15:44,00:00:00,https://cloudlabslearning.com/cursos,https://cloudlabslearning.com/azure-training,direct,usr-1220,Edge,Mobile,Windows,Chile,3,2,308,0,0.67,102.67,5,0,1.634,0,1
03/26/2026,19:53,00:00:00,https://cloudlabslearning.com/azure-training,https://cloudlabslearning.com/blog,https://google.com,usr-1221,Chrome,Mobile,iOS,Colombia,7,9,471,0,1.29,67.29,16,0,-0.162,0,0
03/25/2026,12:56,00:00:00,https://cloudlabslearning.com/pricing,https://cloudlabslearning.com/pricing,https://cloudlabslearning.com,usr-1222,Chrome,PC,iOS,Mexico,3,11,109,0,3.67,36.33,14,0,1.325,0,0
03/26/2026,20:32,00:00:00,https://cloudlabslearning.com/azure-training,https://cloudlabslearning.com/,https://linkedin.com,usr-1223,Edge,PC,Windows,Chile,6,7,132,0,1.17,22,13,0,0.986,0,0
03/27/2026,14:15,00:00:00,https://cloudlabslearning.com/contacto,https://cloudlabslearning.com/contacto,https://cloudlabslearning.com,usr-1224,Edge,PC,Windows,Peru,2,12,239,0,6,119.5,14,0,1.553,0,0
03/25/2026,14:36,00:00:00,https://cloudlabslearning.com/,https://cloudlabslearning.com/,https://linkedin.com,usr-1225,Safari,PC,Windows,Chile,4,11,328,0,2.75,82,15,0,0.464,1,0
03/24/2026,14:54,00:00:00,https://cloudlabslearning.com/aws-training,https://cloudlabslearning.com/pricing,https://google.com,usr-1226,Edge,Mobile,Windows,Chile,8,10,474,0,1.25,59.25,18,0,0.09,0,0
03/27/2026,14:17,00:00:00,https://cloudlabslearning.com/cursos,https://cloudlabslearning.com/cursos,https://cloudlabslearning.com,usr-1227,Chrome,PC,Android,Chile,4,1,48,0,0.25,12,5,0,0.712,0,0
03/26/2026,19:59,00:00:00,https://cloudlabslearning.com/cursos,https://cloudlabslearning.com/aws-training,https://google.com,usr-1228,Chrome,Mobile,Windows,Chile,8,6,269,0,0.75,33.63,14,0,0.282,0,1
03/25/2026,10:22,00:00:00,https://cloudlabslearning.com/blog,https://cloudlabslearning.com/azure-training,https://cloudlabslearning.com,usr-1229,Edge,Mobile,iOS,Colombia,1,1,206,0,1,206,2,0,1.492,0,0
03/26/2026,19:25,00:00:00,https://cloudlabslearning.com/,https://cloudlabslearning.com/blog,https://linkedin.com,usr-1230,Safari,Mobile,iOS,Colombia,4,3,240,0,0.75,60,7,0,1.661,1,0
03/25/2026,16:41,00:00:00,https://cloudlabslearning.com/,https://cloudlabslearning.com/,https://google.com,usr-1231,Chrome,Mobile,iOS,Colombia,3,10,118,0,3.33,39.33,13,0,0.418,1,1
03/24/2026,19:36,00:00:00,https://cloudlabslearning.com/,https://cloudlabslearning.com/,https://google.com,usr-1232,Safari,Mobile,Android,Peru,3,3,208,0,1,69.33,6,0,0.152,1,1
03/24/2026,12:21,00:00:00,https://cloudlabslearning.com/contacto,https://cloudlabslearning.com/,https://google.com,usr-1233,Chrome,Mobile,MacOS,Mexico,5,11,119,0,2.2,23.8,16,0,1.043,0,1
03/26/2026,17:03,00:00:00,https://cloudlabslearning.com/,https://cloudlabslearning.com/,https://google.com,usr-1234,Edge,Mobile,Android,Mexico,8,12,505,0,1.5,63.13,20,0,0.191,1,0
03/24/2026,15:41,00:00:00,https://cloudlabslearning.com/contacto,https://cloudlabslearning.com/cursos,https://cloudlabslearning.com,usr-1235,Safari,Mobile,iOS,Peru,5,2,164,0,0.4,32.8,7,0,-0.194,0,1
03/24/2026,08:40,00:00:00,https://cloudlabslearning.com/azure-training,https://cloudlabslearning.com/blog,https://cloudlabslearning.com,usr-1236,Chrome,Mobile,Android,Colombia,4,6,373,0,1.5,93.25,10,0,1.596,0,1
03/25/2026,15:47,00:00:00,https://cloudlabslearning.com/cursos,https://cloudlabslearning.com/blog,https://linkedin.com,usr-1237,Chrome,PC,Android,Chile,2,2,375,0,1,187.5,4,1,-0.183,0,1
03/26/2026,09:48,00:00:00,https://cloudlabslearning.com/blog,https://cloudlabslearning.com/blog,https://cloudlabslearning.com,usr-1238,Edge,PC,Android,Peru,4,3,172,0,0.75,43,7,0,1.348,0,0
03/27/2026,16:19,00:00:00,https://cloudlabslearning.com/pricing,https://cloudlabslearning.com/pricing,direct,usr-1239,Edge,PC,iOS,Colombia,2,4,77,0,2,38.5,6,0,0.346,0,0
03/27/2026,15:14,00:00:00,https://cloudlabslearning.com/contacto,https://cloudlabslearning.com/aws-training,https://google.com,usr-1240,Safari,Mobile,Android,Chile,8,5,284,0,0.63,35.5,13,0,-0.171,0,0
03/25/2026,17:32,00:00:00,https://cloudlabslearning.com/pricing,https://cloudlabslearning.com/pricing,https://cloudlabslearning.com,usr-1241,Chrome,PC,Windows,Chile,5,2,110,0,0.4,22,7,0,1.179,0,1
03/25/2026,14:34,00:00:00,https://cloudlabslearning.com/,https://cloudlabslearning.com/cursos,https://google.com,usr-1242,Edge,Mobile,Android,Peru,3,3,89,0,1,29.67,6,0,1.074,1,1
03/26/2026,15:50,00:00:00,https://cloudlabslearning.com/pricing,https://cloudlabslearning.com/pricing,https://google.com,usr-1243,Chrome,PC,MacOS,Colombia,3,4,165,0,1.33,55,7,0,0.232,0,0
03/25/2026,09:47,00:00:00,https://cloudlabslearning.com/contacto,https://cloudlabslearning.com/pricing,direct,usr-1244,Safari,Mobile,MacOS,Mexico,8,4,99,0,0.5,12.38,12,0,0.438,0,0
03/25/2026,09:40,00:00:00,https://cloudlabslearning.com/pricing,https://cloudlabslearning.com/pricing,https://google.com,usr-1245,Edge,Mobile,Windows,Peru,2,2,518,0,1,259,4,0,1.163,0,1
03/25/2026,08:36,00:00:00,https://cloudlabslearning.com/pricing,https://cloudlabslearning.com/azure-training,https://google.com,usr-1246,Chrome,PC,Android,Peru,6,1,398,0,0.17,66.33,7,0,0.285,0,1
03/25/2026,15:12,00:00:00,https://cloudlabslearning.com/azure-training,https://cloudlabslearning.com/azure-training,https://linkedin.com,usr-1247,Safari,PC,iOS,Peru,6,9,356,0,1.5,59.33,15,1,1.554,0,1
03/24/2026,19:20,00:00:00,https://cloudlabslearning.com/aws-training,https://cloudlabslearning.com/cursos,https://cloudlabslearning.com,usr-1248,Safari,PC,MacOS,Peru,8,5,390,0,0.63,48.75,13,0,0.132,0,1
03/25/2026,18:02,00:00:00,https://cloudlabslearning.com/contacto,https://cloudlabslearning.com/,direct,usr-1249,Safari,Mobile,iOS,Chile,8,1,110,0,0.13,13.75,9,0,0.251,0,0
03/27/2026,20:50,00:00:00,https://cloudlabslearning.com/cursos,https://cloudlabslearning.com/cursos,direct,usr-1250,Edge,PC,MacOS,Colombia,7,7,300,0,1,42.86,14,0,1.374,0,1
03/26/2026,14:38,00:00:00,https://cloudlabslearning.com/request-demo,https://cloudlabslearning.com/aws-training,https://google.com,usr-1251,Chrome,Mobile,iOS,Chile,4,7,9,0,1.75,2.25,11,1,1.323,0,1
03/27/2026,14:44,00:00:00,https://cloudlabslearning.com/pricing,https://cloudlabslearning.com/pricing,https://google.com,usr-1252,Edge,PC,Android,Mexico,2,3,193,0,1.5,96.5,5,1,1.253,0,1
03/24/2026,20:26,00:00:00,https://cloudlabslearning.com/request-demo,https://cloudlabslearning.com/azure-training,https://cloudlabslearning.com,usr-1253,Edge,Mobile,Windows,Colombia,6,8,497,0,1.33,82.83,14,1,0.835,0,0
03/24/2026,12:04,00:00:00,https://cloudlabslearning.com/,https://cloudlabslearning.com/,direct,usr-1254,Chrome,Mobile,MacOS,Mexico,1,6,490,0,6,490,7,0,-0.142,1,1
03/24/2026,16:21,00:00:00,https://cloudlabslearning.com/,https://cloudlabslearning.com/,https://cloudlabslearning.com,usr-1255,Chrome,Mobile,Android,Peru,2,7,469,0,3.5,234.5,9,0,1.582,1,0
03/26/2026,19:47,00:00:00,https://cloudlabslearning.com/azure-training,https://cloudlabslearning.com/azure-training,https://google.com,usr-1256,Chrome,Mobile,Android,Mexico,1,8,11,1,8,11,9,0,1.063,0,0
03/27/2026,20:05,00:00:00,https://cloudlabslearning.com/cursos,https://cloudlabslearning.com/cursos,https://google.com,usr-1257,Safari,PC,Android,Mexico,8,7,125,0,0.88,15.63,15,0,0.381,0,1
03/24/2026,18:23,00:00:00,https://cloudlabslearning.com/,https://cloudlabslearning.com/,https://google.com,usr-1258,Edge,PC,Android,Peru,6,0,428,0,0,71.33,6,0,0.771,1,0
03/26/2026,10:51,00:00:00,https://cloudlabslearning.com/request-demo,https://cloudlabslearning.com/request-demo,https://cloudlabslearning.com,usr-1259,Chrome,Mobile,Android,Peru,5,7,334,0,1.4,66.8,12,1,1.736,0,0
03/27/2026,15:45,00:00:00,https://cloudlabslearning.com/pricing,https://cloudlabslearning.com/pricing,https://linkedin.com,usr-1260,Safari,Mobile,Windows,Mexico,5,7,403,0,1.4,80.6,12,0,1.478,0,1
03/25/2026,10:57,00:00:00,https://cloudlabslearning.com/,https://cloudlabslearning.com/,https://cloudlabslearning.com,usr-1261,Chrome,PC,iOS,Colombia,8,0,35,0,0,4.38,8,0,0.658,1,1
03/25/2026,14:10,00:00:00,https://cloudlabslearning.com/cursos,https://cloudlabslearning.com/cursos,https://google.com,usr-1262,Edge,PC,Android,Chile,6,4,261,0,0.67,43.5,10,0,1.662,0,1
03/25/2026,19:17,00:00:00,https://cloudlabslearning.com/request-demo,https://cloudlabslearning.com/contacto,https://cloudlabslearning.com,usr-1263,Edge,PC,Windows,Colombia,4,11,308,0,2.75,77,15,0,1.156,0,1
03/25/2026,15:53,00:00:00,https://cloudlabslearning.com/request-demo,https://cloudlabslearning.com/pricing,direct,usr-1264,Safari,Mobile,Android,Chile,3,6,275,0,2,91.67,9,0,1.727,0,0
03/25/2026,09:49,00:00:00,https://cloudlabslearning.com/contacto,https://cloudlabslearning.com/,https://google.com,usr-1265,Safari,PC,Windows,Mexico,8,5,195,0,0.63,24.38,13,1,1.542,0,1
03/24/2026,16:39,00:00:00,https://cloudlabslearning.com/azure-training,https://cloudlabslearning.com/azure-training,https://linkedin.com,usr-1266,Edge,PC,MacOS,Peru,1,9,128,0,9,128,10,0,0.633,0,0
03/25/2026,10:53,00:00:00,https://cloudlabslearning.com/contacto,https://cloudlabslearning.com/contacto,https://google.com,usr-1267,Chrome,Mobile,MacOS,Mexico,5,3,406,0,0.6,81.2,8,0,0.303,0,1
03/25/2026,18:58,00:00:00,https://cloudlabslearning.com/,https://cloudlabslearning.com/,https://google.com,usr-1268,Safari,PC,Android,Colombia,6,11,9,0,1.83,1.5,17,0,1.717,1,0
03/25/2026,20:29,00:00:00,https://cloudlabslearning.com/pricing,https://cloudlabslearning.com/pricing,direct,usr-1269,Safari,PC,Windows,Chile,6,2,113,0,0.33,18.83,8,1,0.994,0,0
03/26/2026,08:28,00:00:00,https://cloudlabslearning.com/contacto,https://cloudlabslearning.com/contacto,https://google.com,usr-1270,Edge,PC,Windows,Colombia,8,4,253,0,0.5,31.63,12,1,0.136,0,0
03/27/2026,17:20,00:00:00,https://cloudlabslearning.com/,https://cloudlabslearning.com/request-demo,https://linkedin.com,usr-1271,Safari,PC,Android,Chile,4,9,379,0,2.25,94.75,13,1,1.396,1,1
03/26/2026,15:45,00:00:00,https://cloudlabslearning.com/request-demo,https://cloudlabslearning.com/request-demo,direct,usr-1272,Chrome,Mobile,MacOS,Chile,5,1,22,0,0.2,4.4,6,0,1.65,0,1
03/24/2026,09:31,00:00:00,https://cloudlabslearning.com/aws-training,https://cloudlabslearning.com/aws-training,direct,usr-1273,Edge,PC,Android,Chile,7,9,324,0,1.29,46.29,16,0,-0.164,0,0
03/26/2026,17:34,00:00:00,https://cloudlabslearning.com/azure-training,https://cloudlabslearning.com/azure-training,https://google.com,usr-1274,Chrome,PC,iOS,Mexico,2,5,200,0,2.5,100,7,0,1.087,0,1
03/24/2026,09:09,00:00:00,https://cloudlabslearning.com/request-demo,https://cloudlabslearning.com/contacto,https://cloudlabslearning.com,usr-1275,Edge,PC,iOS,Colombia,7,12,84,0,1.71,12,19,0,0.072,0,1
03/24/2026,08:56,00:00:00,https://cloudlabslearning.com/aws-training,https://cloudlabslearning.com/azure-training,https://linkedin.com,usr-1276,Safari,PC,Windows,Mexico,1,10,291,0,10,291,11,0,1.339,0,1
03/27/2026,09:05,00:00:00,https://cloudlabslearning.com/aws-training,https://cloudlabslearning.com/aws-training,direct,usr-1277,Chrome,PC,Windows,Colombia,7,8,410,0,1.14,58.57,15,1,0.092,0,0
03/24/2026,09:27,00:00:00,https://cloudlabslearning.com/cursos,https://cloudlabslearning.com/cursos,https://google.com,usr-1278,Chrome,PC,MacOS,Peru,1,5,510,0,5,510,6,0,0.122,0,1
03/24/2026,19:58,00:00:00,https://cloudlabslearning.com/aws-training,https://cloudlabslearning.com/aws-training,https://google.com,usr-1279,Safari,Mobile,iOS,Colombia,1,10,76,0,10,76,11,0,-0.149,0,1
03/24/2026,12:02,00:00:00,https://cloudlabslearning.com/request-demo,https://cloudlabslearning.com/request-demo,https://cloudlabslearning.com,usr-1280,Edge,Mobile,Windows,Mexico,4,5,90,0,1.25,22.5,9,0,0.79,0,0
03/25/2026,11:18,00:00:00,https://cloudlabslearning.com/request-demo,https://cloudlabslearning.com/request-demo,https://cloudlabslearning.com,usr-1281,Safari,Mobile,Windows,Mexico,1,2,466,0,2,466,3,0,0.083,0,0
03/26/2026,09:42,00:00:00,https://cloudlabslearning.com/aws-training,https://cloudlabslearning.com/aws-training,https://linkedin.com,usr-1282,Edge,Mobile,iOS,Peru,1,7,300,0,7,300,8,0,1.57,0,0
03/24/2026,15:54,00:00:00,https://cloudlabslearning.com/cursos,https://cloudlabslearning.com/cursos,https://linkedin.com,usr-1283,Edge,PC,MacOS,Mexico,4,2,495,0,0.5,123.75,6,0,0.117,0,1
03/27/2026,12:39,00:00:00,https://cloudlabslearning.com/contacto,https://cloudlabslearning.com/contacto,https://google.com,usr-1284,Chrome,Mobile,MacOS,Chile,8,9,504,0,1.13,63,17,0,0.55,0,1
03/27/2026,16:34,00:00:00,https://cloudlabslearning.com/blog,https://cloudlabslearning.com/blog,https://google.com,usr-1285,Chrome,Mobile,iOS,Colombia,5,6,253,0,1.2,50.6,11,0,1.112,0,1
03/25/2026,18:55,00:00:00,https://cloudlabslearning.com/azure-training,https://cloudlabslearning.com/request-demo,https://google.com,usr-1286,Chrome,Mobile,iOS,Colombia,8,10,158,0,1.25,19.75,18,1,1.353,0,1
03/25/2026,13:30,00:00:00,https://cloudlabslearning.com/aws-training,https://cloudlabslearning.com/request-demo,https://google.com,usr-1287,Chrome,Mobile,Windows,Chile,3,0,13,0,0,4.33,3,0,1.05,0,1
03/26/2026,12:51,00:00:00,https://cloudlabslearning.com/contacto,https://cloudlabslearning.com/,https://linkedin.com,usr-1288,Safari,Mobile,Android,Peru,2,11,31,0,5.5,15.5,13,0,-0.116,0,0
03/25/2026,11:07,00:00:00,https://cloudlabslearning.com/blog,https://cloudlabslearning.com/request-demo,https://google.com,usr-1289,Edge,PC,MacOS,Peru,1,5,454,0,5,454,6,0,0.197,0,1
03/26/2026,13:06,00:00:00,https://cloudlabslearning.com/aws-training,https://cloudlabslearning.com/aws-training,https://google.com,usr-1290,Chrome,PC,Android,Peru,3,10,26,0,3.33,8.67,13,0,0.903,0,0
03/25/2026,18:52,00:00:00,https://cloudlabslearning.com/cursos,https://cloudlabslearning.com/azure-training,https://google.com,usr-1291,Chrome,PC,Android,Chile,8,2,200,0,0.25,25,10,0,0.104,0,0
03/27/2026,16:05,00:00:00,https://cloudlabslearning.com/azure-training,https://cloudlabslearning.com/blog,direct,usr-1292,Safari,PC,MacOS,Peru,5,10,428,0,2,85.6,15,0,0.535,0,0
03/24/2026,20:59,00:00:00,https://cloudlabslearning.com/,https://cloudlabslearning.com/,https://linkedin.com,usr-1293,Chrome,Mobile,Android,Peru,7,4,368,0,0.57,52.57,11,0,0.996,1,0
03/25/2026,20:45,00:00:00,https://cloudlabslearning.com/aws-training,https://cloudlabslearning.com/,direct,usr-1294,Safari,Mobile,MacOS,Colombia,4,1,100,0,0.25,25,5,0,0.119,0,0
03/27/2026,15:47,00:00:00,https://cloudlabslearning.com/,https://cloudlabslearning.com/,https://google.com,usr-1295,Safari,Mobile,Windows,Chile,3,7,57,0,2.33,19,10,1,1.41,1,0
03/25/2026,13:16,00:00:00,https://cloudlabslearning.com/contacto,https://cloudlabslearning.com/contacto,https://linkedin.com,usr-1296,Safari,PC,Android,Mexico,6,4,424,0,0.67,70.67,10,0,-0.026,0,1
03/27/2026,20:27,00:00:00,https://cloudlabslearning.com/aws-training,https://cloudlabslearning.com/azure-training,direct,usr-1297,Chrome,Mobile,MacOS,Colombia,7,6,178,0,0.86,25.43,13,0,0.84,0,1
03/26/2026,16:12,00:00:00,https://cloudlabslearning.com/pricing,https://cloudlabslearning.com/azure-training,direct,usr-1298,Chrome,PC,Android,Mexico,1,12,182,0,12,182,13,0,1.114,0,1
03/24/2026,14:15,00:00:00,https://cloudlabslearning.com/aws-training,https://cloudlabslearning.com/blog,https://linkedin.com,usr-1299,Edge,Mobile,Windows,Peru,7,12,234,0,1.71,33.43,19,0,-0.058,0,1
03/24/2026,12:26,00:00:00,https://cloudlabslearning.com/pricing,https://cloudlabslearning.com/blog,https://linkedin.com,usr-1300,Safari,PC,iOS,Peru,1,10,146,0,10,146,11,0,0.065,0,1
03/25/2026,13:29,00:00:00,https://cloudlabslearning.com/azure-training,https://cloudlabslearning.com/,https://google.com,usr-1301,Edge,PC,iOS,Chile,2,9,315,0,4.5,157.5,11,0,1.481,0,0
03/27/2026,15:57,00:00:00,https://cloudlabslearning.com/cursos,https://cloudlabslearning.com/cursos,https://google.com,usr-1302,Chrome,Mobile,MacOS,Chile,3,8,118,0,2.67,39.33,11,0,1.296,0,1
03/27/2026,17:41,00:00:00,https://cloudlabslearning.com/aws-training,https://cloudlabslearning.com/contacto,direct,usr-1303,Chrome,PC,iOS,Peru,2,4,243,0,2,121.5,6,0,0.819,0,0
03/24/2026,15:22,00:00:00,https://cloudlabslearning.com/blog,https://cloudlabslearning.com/blog,https://cloudlabslearning.com,usr-1304,Safari,PC,MacOS,Colombia,4,7,96,0,1.75,24,11,1,0.245,0,0
03/25/2026,13:07,00:00:00,https://cloudlabslearning.com/cursos,https://cloudlabslearning.com/cursos,direct,usr-1305,Chrome,Mobile,iOS,Chile,3,2,116,0,0.67,38.67,5,0,0.601,0,1
03/26/2026,10:50,00:00:00,https://cloudlabslearning.com/aws-training,https://cloudlabslearning.com/contacto,https://google.com,usr-1306,Chrome,Mobile,Windows,Colombia,7,1,429,0,0.14,61.29,8,0,0.869,0,1
03/26/2026,15:13,00:00:00,https://cloudlabslearning.com/azure-training,https://cloudlabslearning.com/azure-training,direct,usr-1307,Safari,PC,Windows,Peru,3,9,367,0,3,122.33,12,0,1.031,0,0
03/24/2026,11:50,00:00:00,https://cloudlabslearning.com/request-demo,https://cloudlabslearning.com/request-demo,direct,usr-1308,Safari,PC,MacOS,Chile,8,6,344,0,0.75,43,14,0,1.318,0,1
03/27/2026,09:25,00:00:00,https://cloudlabslearning.com/blog,https://cloudlabslearning.com/aws-training,https://linkedin.com,usr-1309,Chrome,Mobile,iOS,Colombia,4,6,489,0,1.5,122.25,10,0,1.35,0,0
03/25/2026,14:50,00:00:00,https://cloudlabslearning.com/,https://cloudlabslearning.com/contacto,https://google.com,usr-1310,Safari,PC,iOS,Peru,4,1,409,0,0.25,102.25,5,0,0.224,1,1
03/27/2026,16:20,00:00:00,https://cloudlabslearning.com/,https://cloudlabslearning.com/azure-training,https://google.com,usr-1311,Safari,PC,Android,Mexico,8,10,518,0,1.25,64.75,18,0,0.477,1,1
03/27/2026,13:09,00:00:00,https://cloudlabslearning.com/,https://cloudlabslearning.com/,https://linkedin.com,usr-1312,Safari,Mobile,iOS,Colombia,5,8,466,0,1.6,93.2,13,1,0.818,1,0
03/27/2026,11:20,00:00:00,https://cloudlabslearning.com/azure-training,https://cloudlabslearning.com/,https://google.com,usr-1313,Safari,PC,Windows,Peru,6,5,73,0,0.83,12.17,11,1,0.557,0,1
03/27/2026,11:04,00:00:00,https://cloudlabslearning.com/blog,https://cloudlabslearning.com/cursos,https://cloudlabslearning.com,usr-1314,Chrome,Mobile,Android,Mexico,8,2,504,0,0.25,63,10,0,0.812,0,0
03/24/2026,16:33,00:00:00,https://cloudlabslearning.com/request-demo,https://cloudlabslearning.com/aws-training,direct,usr-1315,Safari,PC,Windows,Colombia,7,6,54,0,0.86,7.71,13,1,1.601,0,1
03/24/2026,17:16,00:00:00,https://cloudlabslearning.com/contacto,https://cloudlabslearning.com/azure-training,https://google.com,usr-1316,Chrome,Mobile,MacOS,Peru,8,1,134,0,0.13,16.75,9,1,0.415,0,1
03/27/2026,08:59,00:00:00,https://cloudlabslearning.com/azure-training,https://cloudlabslearning.com/blog,https://cloudlabslearning.com,usr-1317,Safari,Mobile,MacOS,Mexico,2,4,74,0,2,37,6,1,0.882,0,1
03/25/2026,19:17,00:00:00,https://cloudlabslearning.com/pricing,https://cloudlabslearning.com/request-demo,direct,usr-1318,Safari,Mobile,Android,Mexico,7,11,63,0,1.57,9,18,0,0.302,0,1
03/24/2026,18:54,00:00:00,https://cloudlabslearning.com/cursos,https://cloudlabslearning.com/cursos,https://cloudlabslearning.com,usr-1319,Edge,PC,Android,Colombia,5,8,71,0,1.6,14.2,13,0,-0.165,0,1
03/24/2026,09:55,00:00:00,https://cloudlabslearning.com/,https://cloudlabslearning.com/,https://cloudlabslearning.com,usr-1320,Edge,Mobile,Windows,Mexico,8,10,232,0,1.25,29,18,0,1.248,1,1
03/27/2026,13:36,00:00:00,https://cloudlabslearning.com/request-demo,https://cloudlabslearning.com/request-demo,https://linkedin.com,usr-1321,Chrome,PC,Windows,Mexico,1,4,102,0,4,102,5,0,0.548,0,0
03/25/2026,12:10,00:00:00,https://cloudlabslearning.com/blog,https://cloudlabslearning.com/request-demo,https://linkedin.com,usr-1322,Safari,PC,MacOS,Peru,2,11,331,0,5.5,165.5,13,0,-0.138,0,1
03/25/2026,13:30,00:00:00,https://cloudlabslearning.com/cursos,https://cloudlabslearning.com/azure-training,https://cloudlabslearning.com,usr-1323,Safari,Mobile,MacOS,Colombia,2,8,131,0,4,65.5,10,1,0.054,0,0
03/26/2026,15:06,00:00:00,https://cloudlabslearning.com/contacto,https://cloudlabslearning.com/contacto,https://cloudlabslearning.com,usr-1324,Chrome,PC,MacOS,Chile,6,1,478,0,0.17,79.67,7,0,1.702,0,0
03/25/2026,16:45,00:00:00,https://cloudlabslearning.com/,https://cloudlabslearning.com/,https://cloudlabslearning.com,usr-1325,Safari,Mobile,Android,Mexico,7,2,348,0,0.29,49.71,9,0,1.275,1,0
03/24/2026,20:18,00:00:00,https://cloudlabslearning.com/aws-training,https://cloudlabslearning.com/cursos,direct,usr-1326,Safari,PC,Android,Chile,1,8,409,0,8,409,9,0,1.479,0,1
03/24/2026,09:11,00:00:00,https://cloudlabslearning.com/request-demo,https://cloudlabslearning.com/request-demo,https://linkedin.com,usr-1327,Chrome,Mobile,MacOS,Peru,8,3,437,0,0.38,54.63,11,1,1.053,0,0
03/26/2026,14:13,00:00:00,https://cloudlabslearning.com/contacto,https://cloudlabslearning.com/contacto,https://cloudlabslearning.com,usr-1328,Edge,Mobile,Android,Colombia,8,1,171,0,0.13,21.38,9,0,0.175,0,0
03/24/2026,10:45,00:00:00,https://cloudlabslearning.com/azure-training,https://cloudlabslearning.com/contacto,https://cloudlabslearning.com,usr-1329,Chrome,Mobile,iOS,Chile,8,2,235,0,0.25,29.38,10,0,0.626,0,1
03/26/2026,14:38,00:00:00,https://cloudlabslearning.com/contacto,https://cloudlabslearning.com/contacto,https://cloudlabslearning.com,usr-1330,Edge,PC,Windows,Mexico,1,7,338,0,7,338,8,0,-0.066,0,1
03/27/2026,12:57,00:00:00,https://cloudlabslearning.com/blog,https://cloudlabslearning.com/blog,https://google.com,usr-1331,Edge,Mobile,Android,Chile,4,0,213,0,0,53.25,4,0,0.189,0,0
03/25/2026,19:16,00:00:00,https://cloudlabslearning.com/cursos,https://cloudlabslearning.com/cursos,https://cloudlabslearning.com,usr-1332,Edge,PC,Windows,Mexico,1,7,466,0,7,466,8,0,0.389,0,0
03/25/2026,15:27,00:00:00,https://cloudlabslearning.com/cursos,https://cloudlabslearning.com/cursos,https://linkedin.com,usr-1333,Edge,PC,iOS,Colombia,5,10,408,0,2,81.6,15,0,1.282,0,1
03/25/2026,13:56,00:00:00,https://cloudlabslearning.com/cursos,https://cloudlabslearning.com/cursos,https://google.com,usr-1334,Chrome,Mobile,iOS,Peru,3,10,300,0,3.33,100,13,0,0.565,0,0
03/25/2026,20:50,00:00:00,https://cloudlabslearning.com/azure-training,https://cloudlabslearning.com/,direct,usr-1335,Chrome,PC,Windows,Mexico,4,5,116,0,1.25,29,9,0,0.212,0,0
03/25/2026,12:44,00:00:00,https://cloudlabslearning.com/,https://cloudlabslearning.com/azure-training,https://linkedin.com,usr-1336,Safari,Mobile,iOS,Peru,2,0,502,0,0,251,2,0,0.416,1,0
03/25/2026,20:56,00:00:00,https://cloudlabslearning.com/aws-training,https://cloudlabslearning.com/azure-training,https://linkedin.com,usr-1337,Chrome,PC,MacOS,Chile,2,3,118,0,1.5,59,5,1,1.616,0,1
03/27/2026,19:01,00:00:00,https://cloudlabslearning.com/,https://cloudlabslearning.com/cursos,https://linkedin.com,usr-1338,Edge,PC,Windows,Colombia,8,0,261,0,0,32.63,8,0,1.375,1,0
03/25/2026,12:37,00:00:00,https://cloudlabslearning.com/,https://cloudlabslearning.com/,https://cloudlabslearning.com,usr-1339,Edge,PC,iOS,Chile,4,11,28,0,2.75,7,15,0,0.846,1,0
03/26/2026,14:25,00:00:00,https://cloudlabslearning.com/request-demo,https://cloudlabslearning.com/request-demo,https://linkedin.com,usr-1340,Safari,PC,Android,Chile,1,8,355,0,8,355,9,1,-0.014,0,1
03/27/2026,11:13,00:00:00,https://cloudlabslearning.com/contacto,https://cloudlabslearning.com/cursos,https://cloudlabslearning.com,usr-1341,Safari,Mobile,Windows,Chile,2,4,430,0,2,215,6,1,1.772,0,1
03/25/2026,09:36,00:00:00,https://cloudlabslearning.com/,https://cloudlabslearning.com/request-demo,https://cloudlabslearning.com,usr-1342,Chrome,PC,MacOS,Colombia,8,2,313,0,0.25,39.13,10,0,0.44,1,1
03/27/2026,12:13,00:00:00,https://cloudlabslearning.com/request-demo,https://cloudlabslearning.com/request-demo,https://linkedin.com,usr-1343,Safari,PC,Android,Mexico,5,12,167,0,2.4,33.4,17,0,1.662,0,1
03/24/2026,20:40,00:00:00,https://cloudlabslearning.com/azure-training,https://cloudlabslearning.com/request-demo,https://linkedin.com,usr-1344,Safari,PC,Android,Peru,7,0,473,0,0,67.57,7,0,1.59,0,1
03/24/2026,08:43,00:00:00,https://cloudlabslearning.com/blog,https://cloudlabslearning.com/blog,direct,usr-1345,Chrome,PC,Windows,Peru,2,7,341,0,3.5,170.5,9,0,0.058,0,1
03/27/2026,13:58,00:00:00,https://cloudlabslearning.com/azure-training,https://cloudlabslearning.com/azure-training,direct,usr-1346,Edge,PC,iOS,Chile,5,10,236,0,2,47.2,15,0,1,0,1
03/27/2026,12:16,00:00:00,https://cloudlabslearning.com/cursos,https://cloudlabslearning.com/request-demo,https://google.com,usr-1347,Chrome,Mobile,Windows,Mexico,2,2,183,0,1,91.5,4,1,-0.182,0,0
03/24/2026,20:57,00:00:00,https://cloudlabslearning.com/aws-training,https://cloudlabslearning.com/aws-training,https://linkedin.com,usr-1348,Edge,Mobile,MacOS,Colombia,8,3,353,0,0.38,44.13,11,0,1.457,0,0
03/27/2026,15:28,00:00:00,https://cloudlabslearning.com/azure-training,https://cloudlabslearning.com/azure-training,https://cloudlabslearning.com,usr-1349,Safari,Mobile,MacOS,Mexico,2,5,19,0,2.5,9.5,7,0,0.09,0,0
03/26/2026,16:08,00:00:00,https://cloudlabslearning.com/blog,https://cloudlabslearning.com/blog,https://google.com,usr-1350,Edge,PC,MacOS,Mexico,3,4,194,0,1.33,64.67,7,0,0.188,0,0
03/27/2026,11:56,00:00:00,https://cloudlabslearning.com/cursos,https://cloudlabslearning.com/cursos,direct,usr-1351,Edge,Mobile,Android,Colombia,5,2,321,0,0.4,64.2,7,0,0.692,0,0
03/24/2026,19:36,00:00:00,https://cloudlabslearning.com/aws-training,https://cloudlabslearning.com/request-demo,https://cloudlabslearning.com,usr-1352,Chrome,Mobile,MacOS,Mexico,8,11,261,0,1.38,32.63,19,1,1.718,0,0
03/25/2026,09:32,00:00:00,https://cloudlabslearning.com/azure-training,https://cloudlabslearning.com/azure-training,https://linkedin.com,usr-1353,Chrome,Mobile,MacOS,Colombia,7,3,201,0,0.43,28.71,10,0,1.667,0,1
03/25/2026,11:09,00:00:00,https://cloudlabslearning.com/contacto,https://cloudlabslearning.com/pricing,https://cloudlabslearning.com,usr-1354,Chrome,Mobile,MacOS,Chile,7,8,74,0,1.14,10.57,15,0,0.584,0,0
03/24/2026,16:27,00:00:00,https://cloudlabslearning.com/blog,https://cloudlabslearning.com/cursos,direct,usr-1355,Chrome,Mobile,MacOS,Chile,8,8,302,0,1,37.75,16,0,0.313,0,1
03/24/2026,12:11,00:00:00,https://cloudlabslearning.com/azure-training,https://cloudlabslearning.com/azure-training,https://linkedin.com,usr-1356,Safari,Mobile,iOS,Peru,2,0,108,0,0,54,2,0,1.203,0,0
03/27/2026,18:09,00:00:00,https://cloudlabslearning.com/request-demo,https://cloudlabslearning.com/pricing,https://google.com,usr-1357,Safari,Mobile,MacOS,Mexico,5,8,123,0,1.6,24.6,13,0,1.775,0,0
03/24/2026,08:36,00:00:00,https://cloudlabslearning.com/aws-training,https://cloudlabslearning.com/aws-training,https://linkedin.com,usr-1358,Safari,PC,iOS,Chile,6,7,317,0,1.17,52.83,13,0,0.024,0,1
03/26/2026,13:30,00:00:00,https://cloudlabslearning.com/blog,https://cloudlabslearning.com/blog,https://google.com,usr-1359,Edge,PC,MacOS,Mexico,3,8,192,0,2.67,64,11,0,0.383,0,0
03/24/2026,08:10,00:00:00,https://cloudlabslearning.com/azure-training,https://cloudlabslearning.com/pricing,https://cloudlabslearning.com,usr-1360,Safari,Mobile,Windows,Chile,8,7,401,0,0.88,50.13,15,1,1.336,0,0
03/26/2026,15:24,00:00:00,https://cloudlabslearning.com/aws-training,https://cloudlabslearning.com/cursos,https://linkedin.com,usr-1361,Chrome,PC,iOS,Colombia,2,9,487,0,4.5,243.5,11,1,1.749,0,0
03/25/2026,18:07,00:00:00,https://cloudlabslearning.com/cursos,https://cloudlabslearning.com/cursos,https://linkedin.com,usr-1362,Edge,Mobile,MacOS,Peru,2,1,125,0,0.5,62.5,3,0,0.161,0,1
03/24/2026,08:46,00:00:00,https://cloudlabslearning.com/aws-training,https://cloudlabslearning.com/pricing,direct,usr-1363,Safari,Mobile,iOS,Mexico,5,4,64,0,0.8,12.8,9,0,-0.002,0,0
03/26/2026,17:55,00:00:00,https://cloudlabslearning.com/cursos,https://cloudlabslearning.com/cursos,https://google.com,usr-1364,Chrome,Mobile,MacOS,Peru,8,0,15,0,0,1.88,8,0,1.426,0,0
03/26/2026,12:08,00:00:00,https://cloudlabslearning.com/aws-training,https://cloudlabslearning.com/aws-training,https://cloudlabslearning.com,usr-1365,Chrome,PC,MacOS,Mexico,7,11,445,0,1.57,63.57,18,0,1.641,0,1
03/27/2026,16:44,00:00:00,https://cloudlabslearning.com/cursos,https://cloudlabslearning.com/cursos,https://google.com,usr-1366,Edge,PC,MacOS,Chile,2,8,79,0,4,39.5,10,0,0.339,0,1
03/24/2026,08:11,00:00:00,https://cloudlabslearning.com/contacto,https://cloudlabslearning.com/contacto,https://google.com,usr-1367,Safari,Mobile,iOS,Peru,8,5,15,0,0.63,1.88,13,0,1.407,0,0
03/27/2026,20:04,00:00:00,https://cloudlabslearning.com/cursos,https://cloudlabslearning.com/cursos,direct,usr-1368,Chrome,PC,Windows,Colombia,6,10,241,0,1.67,40.17,16,0,0.17,0,1
03/26/2026,12:18,00:00:00,https://cloudlabslearning.com/azure-training,https://cloudlabslearning.com/azure-training,https://google.com,usr-1369,Chrome,Mobile,Windows,Mexico,1,1,476,0,1,476,2,0,0.286,0,0
03/24/2026,20:48,00:00:00,https://cloudlabslearning.com/,https://cloudlabslearning.com/blog,direct,usr-1370,Safari,PC,MacOS,Peru,2,4,31,0,2,15.5,6,1,1.372,1,0
03/27/2026,19:10,00:00:00,https://cloudlabslearning.com/,https://cloudlabslearning.com/,https://google.com,usr-1371,Safari,Mobile,Android,Mexico,1,9,259,0,9,259,10,1,0.044,1,0
03/25/2026,10:46,00:00:00,https://cloudlabslearning.com/,https://cloudlabslearning.com/request-demo,direct,usr-1372,Chrome,Mobile,MacOS,Peru,2,1,305,0,0.5,152.5,3,1,0.53,1,1
03/24/2026,10:05,00:00:00,https://cloudlabslearning.com/cursos,https://cloudlabslearning.com/cursos,direct,usr-1373,Safari,Mobile,Android,Colombia,5,1,371,0,0.2,74.2,6,0,1.785,0,0
03/27/2026,14:53,00:00:00,https://cloudlabslearning.com/blog,https://cloudlabslearning.com/blog,https://linkedin.com,usr-1374,Chrome,Mobile,Android,Chile,6,8,381,0,1.33,63.5,14,0,0.518,0,0
03/26/2026,09:33,00:00:00,https://cloudlabslearning.com/aws-training,https://cloudlabslearning.com/aws-training,direct,usr-1375,Safari,Mobile,Windows,Peru,8,9,468,0,1.13,58.5,17,0,0.3,0,0
03/24/2026,12:28,00:00:00,https://cloudlabslearning.com/pricing,https://cloudlabslearning.com/pricing,https://google.com,usr-1376,Edge,PC,Windows,Peru,4,9,258,0,2.25,64.5,13,0,1.639,0,0
03/26/2026,15:32,00:00:00,https://cloudlabslearning.com/,https://cloudlabslearning.com/request-demo,direct,usr-1377,Chrome,PC,iOS,Chile,7,5,419,0,0.71,59.86,12,0,0.719,1,0
03/24/2026,09:16,00:00:00,https://cloudlabslearning.com/blog,https://cloudlabslearning.com/aws-training,https://cloudlabslearning.com,usr-1378,Edge,Mobile,MacOS,Chile,7,4,27,0,0.57,3.86,11,0,0.587,0,1
03/27/2026,18:32,00:00:00,https://cloudlabslearning.com/request-demo,https://cloudlabslearning.com/request-demo,https://linkedin.com,usr-1379,Edge,Mobile,Windows,Chile,3,7,379,0,2.33,126.33,10,0,0.993,0,0
03/25/2026,19:27,00:00:00,https://cloudlabslearning.com/pricing,https://cloudlabslearning.com/pricing,direct,usr-1380,Safari,PC,MacOS,Chile,4,7,298,0,1.75,74.5,11,0,0.68,0,1
03/25/2026,11:36,00:00:00,https://cloudlabslearning.com/blog,https://cloudlabslearning.com/request-demo,direct,usr-1381,Edge,Mobile,Android,Peru,5,5,18,0,1,3.6,10,0,0.069,0,0
03/26/2026,18:43,00:00:00,https://cloudlabslearning.com/request-demo,https://cloudlabslearning.com/request-demo,https://linkedin.com,usr-1382,Chrome,Mobile,MacOS,Peru,8,5,55,0,0.63,6.88,13,0,-0.079,0,1
03/26/2026,09:06,00:00:00,https://cloudlabslearning.com/,https://cloudlabslearning.com/aws-training,https://google.com,usr-1383,Chrome,PC,MacOS,Peru,4,7,122,0,1.75,30.5,11,0,-0.091,1,1
03/25/2026,20:41,00:00:00,https://cloudlabslearning.com/contacto,https://cloudlabslearning.com/pricing,https://linkedin.com,usr-1384,Safari,Mobile,Android,Chile,5,3,151,0,0.6,30.2,8,0,-0.043,0,1
03/27/2026,09:00,00:00:00,https://cloudlabslearning.com/blog,https://cloudlabslearning.com/request-demo,https://linkedin.com,usr-1385,Chrome,PC,Windows,Chile,8,2,518,0,0.25,64.75,10,0,1.545,0,0
03/26/2026,15:47,00:00:00,https://cloudlabslearning.com/blog,https://cloudlabslearning.com/aws-training,direct,usr-1386,Edge,Mobile,MacOS,Peru,8,11,260,0,1.38,32.5,19,0,-0.17,0,1
03/24/2026,19:10,00:00:00,https://cloudlabslearning.com/azure-training,https://cloudlabslearning.com/azure-training,https://cloudlabslearning.com,usr-1387,Chrome,PC,iOS,Peru,5,11,165,0,2.2,33,16,1,1.751,0,1
03/27/2026,16:53,00:00:00,https://cloudlabslearning.com/,https://cloudlabslearning.com/,direct,usr-1388,Edge,PC,Android,Chile,2,12,202,0,6,101,14,0,1.407,1,0
03/27/2026,14:50,00:00:00,https://cloudlabslearning.com/request-demo,https://cloudlabslearning.com/cursos,https://google.com,usr-1389,Chrome,PC,Windows,Colombia,4,8,410,0,2,102.5,12,0,1.798,0,0
03/27/2026,11:51,00:00:00,https://cloudlabslearning.com/cursos,https://cloudlabslearning.com/cursos,https://linkedin.com,usr-1390,Edge,PC,Windows,Colombia,8,3,101,0,0.38,12.63,11,1,0.167,0,1
03/24/2026,12:13,00:00:00,https://cloudlabslearning.com/blog,https://cloudlabslearning.com/blog,direct,usr-1391,Edge,PC,Windows,Peru,7,9,19,0,1.29,2.71,16,0,0.785,0,0
03/24/2026,16:24,00:00:00,https://cloudlabslearning.com/pricing,https://cloudlabslearning.com/cursos,direct,usr-1392,Edge,Mobile,Android,Mexico,4,2,139,0,0.5,34.75,6,1,0.215,0,0
03/27/2026,20:32,00:00:00,https://cloudlabslearning.com/contacto,https://cloudlabslearning.com/aws-training,direct,usr-1393,Edge,Mobile,iOS,Mexico,4,9,318,0,2.25,79.5,13,0,1.748,0,1
03/25/2026,10:20,00:00:00,https://cloudlabslearning.com/aws-training,https://cloudlabslearning.com/aws-training,https://google.com,usr-1394,Safari,PC,MacOS,Chile,6,5,359,0,0.83,59.83,11,0,1.107,0,1
03/27/2026,12:29,00:00:00,https://cloudlabslearning.com/aws-training,https://cloudlabslearning.com/cursos,https://linkedin.com,usr-1395,Edge,PC,Windows,Colombia,4,10,387,0,2.5,96.75,14,1,1.635,0,0
03/25/2026,17:31,00:00:00,https://cloudlabslearning.com/cursos,https://cloudlabslearning.com/contacto,direct,usr-1396,Safari,PC,iOS,Colombia,1,11,435,0,11,435,12,0,0.512,0,1
03/25/2026,09:56,00:00:00,https://cloudlabslearning.com/pricing,https://cloudlabslearning.com/pricing,https://linkedin.com,usr-1397,Edge,PC,Windows,Mexico,2,8,140,0,4,70,10,0,1.554,0,1
03/25/2026,14:31,00:00:00,https://cloudlabslearning.com/,https://cloudlabslearning.com/,https://google.com,usr-1398,Edge,PC,Android,Chile,2,4,104,0,2,52,6,0,-0.058,1,0
03/24/2026,16:39,00:00:00,https://cloudlabslearning.com/aws-training,https://cloudlabslearning.com/contacto,https://google.com,usr-1399,Edge,Mobile,Windows,Chile,5,2,393,0,0.4,78.6,7,0,0.199,0,0
03/24/2026,08:06,00:00:00,https://cloudlabslearning.com/aws-training,https://cloudlabslearning.com/request-demo,https://linkedin.com,usr-1400,Chrome,PC,Android,Mexico,5,4,453,0,0.8,90.6,9,0,-0.172,0,1
03/26/2026,18:09,00:00:00,https://cloudlabslearning.com/request-demo,https://cloudlabslearning.com/,https://google.com,usr-1401,Chrome,PC,MacOS,Peru,4,12,77,0,3,19.25,16,0,1.712,0,1
03/26/2026,17:37,00:00:00,https://cloudlabslearning.com/azure-training,https://cloudlabslearning.com/azure-training,https://linkedin.com,usr-1402,Chrome,PC,Windows,Mexico,7,4,358,0,0.57,51.14,11,0,0.346,0,0
03/26/2026,12:11,00:00:00,https://cloudlabslearning.com/blog,https://cloudlabslearning.com/blog,https://linkedin.com,usr-1403,Chrome,PC,iOS,Peru,4,6,210,0,1.5,52.5,10,0,1.42,0,0
03/26/2026,10:20,00:00:00,https://cloudlabslearning.com/pricing,https://cloudlabslearning.com/pricing,https://google.com,usr-1404,Safari,PC,Android,Mexico,3,1,340,0,0.33,113.33,4,0,0.22,0,0
03/26/2026,19:31,00:00:00,https://cloudlabslearning.com/request-demo,https://cloudlabslearning.com/blog,https://google.com,usr-1405,Edge,PC,MacOS,Mexico,8,6,338,0,0.75,42.25,14,0,0.002,0,1
03/24/2026,19:07,00:00:00,https://cloudlabslearning.com/azure-training,https://cloudlabslearning.com/request-demo,direct,usr-1406,Edge,Mobile,Android,Colombia,6,9,419,0,1.5,69.83,15,0,0.624,0,0
03/26/2026,17:53,00:00:00,https://cloudlabslearning.com/contacto,https://cloudlabslearning.com/pricing,direct,usr-1407,Safari,PC,iOS,Colombia,7,0,375,0,0,53.57,7,1,0.54,0,1
03/26/2026,15:42,00:00:00,https://cloudlabslearning.com/azure-training,https://cloudlabslearning.com/azure-training,https://google.com,usr-1408,Chrome,Mobile,MacOS,Peru,3,11,449,0,3.67,149.67,14,0,1.236,0,0
03/26/2026,20:46,00:00:00,https://cloudlabslearning.com/cursos,https://cloudlabslearning.com/request-demo,https://google.com,usr-1409,Safari,PC,MacOS,Colombia,7,5,115,0,0.71,16.43,12,0,0.153,0,1
03/27/2026,18:24,00:00:00,https://cloudlabslearning.com/request-demo,https://cloudlabslearning.com/azure-training,https://linkedin.com,usr-1410,Chrome,PC,iOS,Chile,7,3,17,0,0.43,2.43,10,0,1.45,0,1
03/27/2026,09:47,00:00:00,https://cloudlabslearning.com/aws-training,https://cloudlabslearning.com/azure-training,direct,usr-1411,Chrome,PC,MacOS,Chile,6,4,181,0,0.67,30.17,10,0,1.635,0,1
03/24/2026,20:44,00:00:00,https://cloudlabslearning.com/blog,https://cloudlabslearning.com/,https://linkedin.com,usr-1412,Safari,PC,Android,Chile,3,2,189,0,0.67,63,5,1,1.296,0,1
03/24/2026,08:04,00:00:00,https://cloudlabslearning.com/contacto,https://cloudlabslearning.com/request-demo,direct,usr-1413,Safari,Mobile,iOS,Peru,7,2,237,0,0.29,33.86,9,0,0.579,0,1
03/24/2026,18:35,00:00:00,https://cloudlabslearning.com/,https://cloudlabslearning.com/azure-training,https://cloudlabslearning.com,usr-1414,Edge,PC,iOS,Mexico,3,9,196,0,3,65.33,12,0,1.618,1,0
03/27/2026,16:18,00:00:00,https://cloudlabslearning.com/request-demo,https://cloudlabslearning.com/request-demo,https://google.com,usr-1415,Chrome,PC,MacOS,Mexico,8,10,289,0,1.25,36.13,18,1,0.507,0,0
03/25/2026,17:08,00:00:00,https://cloudlabslearning.com/azure-training,https://cloudlabslearning.com/cursos,https://google.com,usr-1416,Chrome,Mobile,MacOS,Peru,1,2,119,0,2,119,3,1,0.291,0,1
03/26/2026,14:49,00:00:00,https://cloudlabslearning.com/contacto,https://cloudlabslearning.com/blog,https://cloudlabslearning.com,usr-1417,Edge,PC,Windows,Chile,4,5,149,0,1.25,37.25,9,0,0.362,0,1
03/27/2026,11:18,00:00:00,https://cloudlabslearning.com/,https://cloudlabslearning.com/aws-training,direct,usr-1418,Safari,Mobile,MacOS,Mexico,7,0,312,0,0,44.57,7,0,0.182,1,0
03/26/2026,11:32,00:00:00,https://cloudlabslearning.com/azure-training,https://cloudlabslearning.com/azure-training,https://cloudlabslearning.com,usr-1419,Edge,Mobile,Windows,Mexico,1,10,114,0,10,114,11,0,1.603,0,1
03/24/2026,11:39,00:00:00,https://cloudlabslearning.com/contacto,https://cloudlabslearning.com/azure-training,https://linkedin.com,usr-1420,Chrome,Mobile,iOS,Mexico,3,10,177,0,3.33,59,13,1,1.574,0,0
03/25/2026,11:41,00:00:00,https://cloudlabslearning.com/azure-training,https://cloudlabslearning.com/pricing,direct,usr-1421,Edge,PC,MacOS,Mexico,3,9,292,0,3,97.33,12,1,1.473,0,1
03/24/2026,08:46,00:00:00,https://cloudlabslearning.com/cursos,https://cloudlabslearning.com/cursos,https://cloudlabslearning.com,usr-1422,Safari,PC,MacOS,Peru,6,1,300,0,0.17,50,7,0,1.338,0,1
03/25/2026,13:48,00:00:00,https://cloudlabslearning.com/azure-training,https://cloudlabslearning.com/,https://cloudlabslearning.com,usr-1423,Chrome,PC,Windows,Peru,6,11,94,0,1.83,15.67,17,0,-0.158,0,0
03/25/2026,15:03,00:00:00,https://cloudlabslearning.com/pricing,https://cloudlabslearning.com/pricing,direct,usr-1424,Edge,PC,Windows,Peru,4,10,100,0,2.5,25,14,0,0.227,0,0
03/26/2026,15:39,00:00:00,https://cloudlabslearning.com/azure-training,https://cloudlabslearning.com/azure-training,https://google.com,usr-1425,Edge,Mobile,Windows,Mexico,5,8,265,0,1.6,53,13,0,-0.076,0,1
03/26/2026,10:35,00:00:00,https://cloudlabslearning.com/,https://cloudlabslearning.com/aws-training,https://linkedin.com,usr-1426,Chrome,PC,Windows,Chile,5,7,146,0,1.4,29.2,12,0,0.511,1,0
03/24/2026,08:22,00:00:00,https://cloudlabslearning.com/,https://cloudlabslearning.com/aws-training,direct,usr-1427,Edge,PC,iOS,Peru,1,12,355,0,12,355,13,0,-0.008,1,0
03/25/2026,20:21,00:00:00,https://cloudlabslearning.com/cursos,https://cloudlabslearning.com/cursos,direct,usr-1428,Chrome,Mobile,iOS,Chile,3,7,85,0,2.33,28.33,10,0,0.866,0,0
03/24/2026,08:14,00:00:00,https://cloudlabslearning.com/blog,https://cloudlabslearning.com/request-demo,https://linkedin.com,usr-1429,Edge,Mobile,Android,Colombia,3,7,204,0,2.33,68,10,0,0.962,0,0
03/25/2026,09:44,00:00:00,https://cloudlabslearning.com/pricing,https://cloudlabslearning.com/,https://linkedin.com,usr-1430,Safari,Mobile,MacOS,Peru,4,8,8,0,2,2,12,0,1.428,0,0
03/24/2026,19:59,00:00:00,https://cloudlabslearning.com/azure-training,https://cloudlabslearning.com/cursos,https://google.com,usr-1431,Safari,PC,Windows,Mexico,7,10,466,0,1.43,66.57,17,1,0.051,0,0
03/25/2026,20:48,00:00:00,https://cloudlabslearning.com/contacto,https://cloudlabslearning.com/request-demo,https://cloudlabslearning.com,usr-1432,Safari,Mobile,MacOS,Chile,3,3,122,0,1,40.67,6,1,0.667,0,1
03/26/2026,20:38,00:00:00,https://cloudlabslearning.com/aws-training,https://cloudlabslearning.com/pricing,https://linkedin.com,usr-1433,Safari,PC,MacOS,Mexico,3,9,388,0,3,129.33,12,0,1.107,0,1
03/27/2026,19:23,00:00:00,https://cloudlabslearning.com/,https://cloudlabslearning.com/contacto,https://google.com,usr-1434,Safari,PC,Android,Colombia,3,6,384,0,2,128,9,0,0.433,1,1
03/24/2026,12:50,00:00:00,https://cloudlabslearning.com/blog,https://cloudlabslearning.com/cursos,https://linkedin.com,usr-1435,Chrome,PC,Android,Mexico,2,0,45,0,0,22.5,2,0,0.868,0,0
03/25/2026,11:05,00:00:00,https://cloudlabslearning.com/,https://cloudlabslearning.com/request-demo,https://google.com,usr-1436,Edge,PC,MacOS,Mexico,6,1,245,0,0.17,40.83,7,0,0.374,1,0
03/27/2026,12:00,00:00:00,https://cloudlabslearning.com/request-demo,https://cloudlabslearning.com/blog,direct,usr-1437,Chrome,Mobile,iOS,Mexico,4,2,277,0,0.5,69.25,6,0,0.432,0,1
03/27/2026,16:12,00:00:00,https://cloudlabslearning.com/contacto,https://cloudlabslearning.com/contacto,direct,usr-1438,Safari,PC,MacOS,Colombia,6,7,396,0,1.17,66,13,1,0.011,0,1
03/27/2026,20:39,00:00:00,https://cloudlabslearning.com/blog,https://cloudlabslearning.com/contacto,https://cloudlabslearning.com,usr-1439,Safari,PC,Windows,Chile,4,9,281,0,2.25,70.25,13,0,1.097,0,0
03/27/2026,12:49,00:00:00,https://cloudlabslearning.com/contacto,https://cloudlabslearning.com/contacto,direct,usr-1440,Edge,Mobile,iOS,Chile,7,0,71,0,0,10.14,7,0,1.671,0,1
03/25/2026,18:36,00:00:00,https://cloudlabslearning.com/contacto,https://cloudlabslearning.com/cursos,https://linkedin.com,usr-1441,Chrome,Mobile,MacOS,Colombia,5,11,318,0,2.2,63.6,16,0,0.7,0,0
03/26/2026,19:31,00:00:00,https://cloudlabslearning.com/request-demo,https://cloudlabslearning.com/request-demo,https://google.com,usr-1442,Safari,Mobile,MacOS,Peru,3,2,190,0,0.67,63.33,5,1,0.495,0,0
03/24/2026,11:11,00:00:00,https://cloudlabslearning.com/contacto,https://cloudlabslearning.com/request-demo,https://cloudlabslearning.com,usr-1443,Chrome,PC,MacOS,Colombia,5,6,174,0,1.2,34.8,11,1,0.457,0,0
03/25/2026,13:26,00:00:00,https://cloudlabslearning.com/aws-training,https://cloudlabslearning.com/aws-training,direct,usr-1444,Edge,Mobile,MacOS,Chile,8,11,384,0,1.38,48,19,0,0.359,0,1
03/25/2026,11:14,00:00:00,https://cloudlabslearning.com/contacto,https://cloudlabslearning.com/pricing,direct,usr-1445,Edge,PC,Android,Chile,5,11,395,0,2.2,79,16,0,0.5,0,1
03/27/2026,11:51,00:00:00,https://cloudlabslearning.com/contacto,https://cloudlabslearning.com/contacto,https://google.com,usr-1446,Edge,Mobile,Android,Mexico,7,8,220,0,1.14,31.43,15,0,0.383,0,1
03/24/2026,13:12,00:00:00,https://cloudlabslearning.com/azure-training,https://cloudlabslearning.com/azure-training,https://google.com,usr-1447,Chrome,Mobile,iOS,Chile,3,8,275,0,2.67,91.67,11,0,0.423,0,1
03/25/2026,11:38,00:00:00,https://cloudlabslearning.com/azure-training,https://cloudlabslearning.com/azure-training,direct,usr-1448,Edge,Mobile,MacOS,Mexico,2,9,231,0,4.5,115.5,11,0,1.42,0,0
03/27/2026,19:11,00:00:00,https://cloudlabslearning.com/,https://cloudlabslearning.com/,direct,usr-1449,Safari,PC,iOS,Chile,3,2,203,0,0.67,67.67,5,0,1.653,1,1
03/24/2026,11:53,00:00:00,https://cloudlabslearning.com/aws-training,https://cloudlabslearning.com/contacto,https://linkedin.com,usr-1450,Chrome,Mobile,Android,Chile,4,7,422,0,1.75,105.5,11,0,1.761,0,0
03/25/2026,11:20,00:00:00,https://cloudlabslearning.com/aws-training,https://cloudlabslearning.com/,https://cloudlabslearning.com,usr-1451,Edge,Mobile,Windows,Mexico,5,6,518,0,1.2,103.6,11,0,1.234,0,1
03/27/2026,08:43,00:00:00,https://cloudlabslearning.com/request-demo,https://cloudlabslearning.com/request-demo,https://cloudlabslearning.com,usr-1452,Edge,Mobile,iOS,Peru,8,9,124,0,1.13,15.5,17,1,1.637,0,0
03/24/2026,08:30,00:00:00,https://cloudlabslearning.com/contacto,https://cloudlabslearning.com/aws-training,https://google.com,usr-1453,Edge,PC,Android,Colombia,6,11,120,0,1.83,20,17,1,-0.174,0,0
03/24/2026,17:36,00:00:00,https://cloudlabslearning.com/azure-training,https://cloudlabslearning.com/azure-training,https://linkedin.com,usr-1454,Chrome,Mobile,iOS,Mexico,3,8,391,0,2.67,130.33,11,0,1.79,0,1
03/27/2026,13:01,00:00:00,https://cloudlabslearning.com/blog,https://cloudlabslearning.com/blog,https://google.com,usr-1455,Safari,PC,Windows,Peru,7,10,510,0,1.43,72.86,17,0,0.527,0,0
03/26/2026,16:37,00:00:00,https://cloudlabslearning.com/pricing,https://cloudlabslearning.com/pricing,https://google.com,usr-1456,Edge,PC,MacOS,Colombia,5,8,431,0,1.6,86.2,13,0,1.763,0,1
03/26/2026,20:58,00:00:00,https://cloudlabslearning.com/,https://cloudlabslearning.com/pricing,https://google.com,usr-1457,Edge,Mobile,Windows,Peru,6,5,409,0,0.83,68.17,11,0,1.724,1,1
03/25/2026,19:47,00:00:00,https://cloudlabslearning.com/cursos,https://cloudlabslearning.com/contacto,direct,usr-1458,Safari,Mobile,Android,Colombia,4,12,392,0,3,98,16,0,1.605,0,1
03/24/2026,14:00,00:00:00,https://cloudlabslearning.com/pricing,https://cloudlabslearning.com/blog,https://google.com,usr-1459,Safari,PC,MacOS,Mexico,1,0,67,0,0,67,1,0,1.767,0,1
03/26/2026,09:03,00:00:00,https://cloudlabslearning.com/request-demo,https://cloudlabslearning.com/request-demo,https://cloudlabslearning.com,usr-1460,Edge,PC,MacOS,Peru,4,10,39,0,2.5,9.75,14,0,1.41,0,0
03/27/2026,19:44,00:00:00,https://cloudlabslearning.com/request-demo,https://cloudlabslearning.com/request-demo,https://linkedin.com,usr-1461,Safari,Mobile,Windows,Peru,8,4,454,0,0.5,56.75,12,0,0.096,0,1
03/27/2026,13:09,00:00:00,https://cloudlabslearning.com/azure-training,https://cloudlabslearning.com/azure-training,https://google.com,usr-1462,Chrome,PC,Windows,Colombia,5,11,20,0,2.2,4,16,0,0.525,0,0
03/26/2026,18:06,00:00:00,https://cloudlabslearning.com/blog,https://cloudlabslearning.com/blog,https://cloudlabslearning.com,usr-1463,Safari,PC,Windows,Chile,7,6,263,0,0.86,37.57,13,0,0.493,0,1
03/25/2026,19:02,00:00:00,https://cloudlabslearning.com/,https://cloudlabslearning.com/,direct,usr-1464,Chrome,PC,Windows,Chile,4,9,193,0,2.25,48.25,13,1,1.797,1,1
03/27/2026,15:12,00:00:00,https://cloudlabslearning.com/azure-training,https://cloudlabslearning.com/azure-training,https://cloudlabslearning.com,usr-1465,Safari,Mobile,MacOS,Mexico,2,4,142,0,2,71,6,0,1.389,0,1
03/26/2026,08:53,00:00:00,https://cloudlabslearning.com/contacto,https://cloudlabslearning.com/pricing,https://google.com,usr-1466,Chrome,PC,iOS,Colombia,1,10,121,0,10,121,11,1,1.382,0,1
03/26/2026,18:05,00:00:00,https://cloudlabslearning.com/aws-training,https://cloudlabslearning.com/azure-training,direct,usr-1467,Chrome,PC,Android,Peru,5,8,505,0,1.6,101,13,0,0.437,0,1
03/27/2026,12:17,00:00:00,https://cloudlabslearning.com/blog,https://cloudlabslearning.com/contacto,https://linkedin.com,usr-1468,Edge,Mobile,Windows,Chile,7,6,52,0,0.86,7.43,13,0,0.186,0,1
03/25/2026,14:59,00:00:00,https://cloudlabslearning.com/azure-training,https://cloudlabslearning.com/request-demo,https://linkedin.com,usr-1469,Safari,PC,MacOS,Colombia,4,10,344,0,2.5,86,14,1,0.772,0,0
03/24/2026,14:14,00:00:00,https://cloudlabslearning.com/contacto,https://cloudlabslearning.com/contacto,direct,usr-1470,Safari,PC,Windows,Chile,1,12,340,0,12,340,13,1,0.811,0,1
03/27/2026,20:19,00:00:00,https://cloudlabslearning.com/azure-training,https://cloudlabslearning.com/cursos,https://cloudlabslearning.com,usr-1471,Chrome,Mobile,Android,Peru,4,0,397,0,0,99.25,4,1,0.871,0,0
03/24/2026,17:13,00:00:00,https://cloudlabslearning.com/pricing,https://cloudlabslearning.com/pricing,https://cloudlabslearning.com,usr-1472,Safari,Mobile,Windows,Chile,8,1,243,0,0.13,30.38,9,0,1.467,0,0
03/27/2026,14:42,00:00:00,https://cloudlabslearning.com/,https://cloudlabslearning.com/cursos,direct,usr-1473,Chrome,Mobile,iOS,Peru,5,4,160,0,0.8,32,9,0,1.415,1,1
03/27/2026,16:30,00:00:00,https://cloudlabslearning.com/pricing,https://cloudlabslearning.com/contacto,https://cloudlabslearning.com,usr-1474,Edge,Mobile,Windows,Colombia,8,11,224,0,1.38,28,19,0,1.576,0,1
03/24/2026,11:38,00:00:00,https://cloudlabslearning.com/,https://cloudlabslearning.com/,https://google.com,usr-1475,Edge,PC,MacOS,Mexico,1,10,427,0,10,427,11,0,1.399,1,0
03/25/2026,14:37,00:00:00,https://cloudlabslearning.com/pricing,https://cloudlabslearning.com/aws-training,https://linkedin.com,usr-1476,Safari,Mobile,Android,Chile,3,9,178,0,3,59.33,12,0,0.185,0,0
03/27/2026,10:59,00:00:00,https://cloudlabslearning.com/contacto,https://cloudlabslearning.com/contacto,https://cloudlabslearning.com,usr-1477,Edge,Mobile,Android,Mexico,7,1,184,0,0.14,26.29,8,0,1.701,0,1
03/25/2026,12:31,00:00:00,https://cloudlabslearning.com/azure-training,https://cloudlabslearning.com/azure-training,direct,usr-1478,Edge,Mobile,iOS,Chile,4,5,308,0,1.25,77,9,0,1.033,0,1
03/25/2026,08:13,00:00:00,https://cloudlabslearning.com/,https://cloudlabslearning.com/aws-training,https://linkedin.com,usr-1479,Safari,PC,Android,Colombia,6,11,498,0,1.83,83,17,0,0.93,1,1
03/27/2026,20:47,00:00:00,https://cloudlabslearning.com/aws-training,https://cloudlabslearning.com/aws-training,https://linkedin.com,usr-1480,Safari,Mobile,MacOS,Chile,2,12,481,0,6,240.5,14,1,0.469,0,0
03/24/2026,16:55,00:00:00,https://cloudlabslearning.com/azure-training,https://cloudlabslearning.com/azure-training,direct,usr-1481,Chrome,Mobile,iOS,Chile,2,4,314,0,2,157,6,0,-0.092,0,1
03/25/2026,15:38,00:00:00,https://cloudlabslearning.com/blog,https://cloudlabslearning.com/blog,https://google.com,usr-1482,Chrome,PC,MacOS,Peru,7,5,327,0,0.71,46.71,12,0,1.612,0,0
03/27/2026,14:25,00:00:00,https://cloudlabslearning.com/contacto,https://cloudlabslearning.com/contacto,https://cloudlabslearning.com,usr-1483,Safari,Mobile,iOS,Mexico,8,11,437,0,1.38,54.63,19,0,0.572,0,0
03/26/2026,18:40,00:00:00,https://cloudlabslearning.com/,https://cloudlabslearning.com/,https://google.com,usr-1484,Edge,PC,Windows,Colombia,2,8,48,0,4,24,10,0,1.452,1,0
03/26/2026,18:13,00:00:00,https://cloudlabslearning.com/contacto,https://cloudlabslearning.com/,https://google.com,usr-1485,Chrome,Mobile,MacOS,Chile,6,12,95,0,2,15.83,18,1,1.071,0,1
03/26/2026,18:19,00:00:00,https://cloudlabslearning.com/cursos,https://cloudlabslearning.com/blog,https://linkedin.com,usr-1486,Safari,PC,MacOS,Chile,6,7,488,0,1.17,81.33,13,0,1.738,0,1
03/26/2026,17:44,00:00:00,https://cloudlabslearning.com/azure-training,https://cloudlabslearning.com/azure-training,https://linkedin.com,usr-1487,Chrome,PC,iOS,Mexico,3,12,342,0,4,114,15,0,0.448,0,1
03/24/2026,08:31,00:00:00,https://cloudlabslearning.com/contacto,https://cloudlabslearning.com/pricing,https://google.com,usr-1488,Edge,PC,Windows,Chile,3,6,68,0,2,22.67,9,1,-0.029,0,1
03/26/2026,13:44,00:00:00,https://cloudlabslearning.com/pricing,https://cloudlabslearning.com/pricing,https://google.com,usr-1489,Edge,PC,Android,Peru,7,10,165,0,1.43,23.57,17,0,0.294,0,0
03/24/2026,15:42,00:00:00,https://cloudlabslearning.com/pricing,https://cloudlabslearning.com/pricing,direct,usr-1490,Edge,PC,Android,Mexico,6,11,138,0,1.83,23,17,0,0.249,0,0
03/25/2026,08:04,00:00:00,https://cloudlabslearning.com/,https://cloudlabslearning.com/,https://cloudlabslearning.com,usr-1491,Edge,PC,iOS,Chile,5,6,273,0,1.2,54.6,11,0,-0.12,1,1
03/24/2026,09:23,00:00:00,https://cloudlabslearning.com/request-demo,https://cloudlabslearning.com/blog,https://linkedin.com,usr-1492,Safari,Mobile,Windows,Peru,5,6,341,0,1.2,68.2,11,1,0.194,0,0
03/27/2026,10:24,00:00:00,https://cloudlabslearning.com/aws-training,https://cloudlabslearning.com/aws-training,https://google.com,usr-1493,Edge,Mobile,Android,Peru,8,9,428,0,1.13,53.5,17,1,0.484,0,0
03/25/2026,09:17,00:00:00,https://cloudlabslearning.com/cursos,https://cloudlabslearning.com/cursos,direct,usr-1494,Safari,Mobile,Android,Mexico,1,10,515,0,10,515,11,0,0.374,0,0
03/26/2026,17:33,00:00:00,https://cloudlabslearning.com/cursos,https://cloudlabslearning.com/cursos,https://cloudlabslearning.com,usr-1495,Edge,Mobile,MacOS,Peru,2,3,64,0,1.5,32,5,0,0.634,0,0
03/25/2026,20:30,00:00:00,https://cloudlabslearning.com/blog,https://cloudlabslearning.com/aws-training,https://linkedin.com,usr-1496,Safari,Mobile,MacOS,Colombia,6,7,383,0,1.17,63.83,13,0,0.946,0,1
03/24/2026,14:19,00:00:00,https://cloudlabslearning.com/pricing,https://cloudlabslearning.com/pricing,https://cloudlabslearning.com,usr-1497,Safari,PC,iOS,Colombia,2,12,248,0,6,124,14,0,0.16,0,1
03/25/2026,16:42,00:00:00,https://cloudlabslearning.com/pricing,https://cloudlabslearning.com/pricing,https://google.com,usr-1498,Edge,PC,iOS,Chile,6,2,359,0,0.33,59.83,8,1,0.719,0,0
03/27/2026,16:26,00:00:00,https://cloudlabslearning.com/blog,https://cloudlabslearning.com/request-demo,https://cloudlabslearning.com,usr-1499,Edge,Mobile,iOS,Peru,3,6,327,0,2,109,9,0,-0.178,0,1